text,status
"Today: My heart is racing fast for no apparent reason, panic is setting in. Need advice.",Anxiety
"Honestly, Feel like a burden to everyone around me, nobody really understands. ...",Depression
Unpredictable emotional waves driving away the people who care about me. #mentalhealth,Bi-Polar
"Right now, My heart is racing fast for no apparent reason, panic is setting in. ...",Anxiety
"Honestly, The mental agony is unbearable, don't know how much longer I can endure. Need advice.",Suicidal
"Honestly, Reached my absolute limit, losing all hope for any recovery or peace. #mentalhealth",Suicidal
Deadlines piling up rapidly and I am drowning under immense pressure.,Stress
"Lately, Working 14 hours a day with zero rest, completely burned out. Anyone else feel this?",Stress
"Spent 48 hours awake feeling on top of the world, now completely hopeless.",Bi-Polar
Today: Overanalyzing past conversations over and over again in my head. #mentalhealth,Anxiety
"Honestly, Difficulty maintaining stable connections due to emotional turbulence. Anyone else feel this?",Personality Disorder
"Right now, Unsure of who I really am, identity feels fragmented and empty constantly. Sigh.",Personality Disorder
"Lately, Unpredictable emotional waves driving away the people who care about me. Anyone else feel this?",Bi-Polar
"Honestly, Cannot stop overthinking every minor detail, constant dread. ...",Anxiety
Swinging between intense enthusiasm and devastating deep despair rapidly.,Bi-Polar
"Right now, Isolating myself from friends because I don't have the energy to talk. ...",Depression
"Right now, Struggling to get out of bed every morning, everything feels overwhelming. Need advice.",Depression
"Rapidly shifting perceptions of self and others, struggle with trust.",Personality Disorder
"Right now, Really enjoying learning python programming and data science lately. #mentalhealth",Normal
"Lately, Tightness in my chest and constant feeling that something terrible will happen. Sigh.",Anxiety
"Right now, Feel like I am going to explode if one more thing goes wrong today. Anyone else feel this?",Stress
"Lately, So stressed out that I can barely concentrate on basic tasks. #mentalhealth",Stress
"Right now, Dark thoughts keep creeping in whenever I am left alone in silence. ...",Depression
"Right now, Too many responsibilities at once, feeling extremely tense and irritable.",Stress
"Honestly, Lost interest in all my hobbies, just feel numb and detached. Sigh.",Depression
"Today: Waking up feeling heavy and empty, waiting for the day to just end. Need advice.",Depression
"Lately, Fear of abandonment makes me push people away before they leave me. #mentalhealth",Personality Disorder
"Lately, Sudden wave of panic made it hard to breathe properly in public. Anyone else feel this?",Anxiety
"Lately, Feel like I am going to explode if one more thing goes wrong today.",Stress
"Honestly, Cannot sleep properly due to overwhelming work pressure and exams. Need advice.",Stress
"Restless thoughts keeping me awake all night long, constant fear.",Anxiety
"Right now, Why does life feel so exhausting and pointless every single day? Anyone else feel this?",Depression
Today: Exhausted physically and mentally from non-stop high-pressure environment. Need advice.,Stress
Today: Why does life feel so exhausting and pointless every single day? Anyone else feel this?,Depression
"Right now, Extreme mood swings are ruining my life, going from high euphoria to deep depression. Need advice.",Bi-Polar
"Right now, Struggling to get out of bed every morning, everything feels overwhelming. #mentalhealth",Depression
"Right now, Completed my workout session and feel energized for the upcoming week. #mentalhealth",Normal
"Today: Worried about the future all the time, my mind just won't rest.",Anxiety
"No time for self-care or relaxation, constantly running on fumes. Anyone else feel this?",Stress
Today: Feeling disconnected from reality and my own sense of identity. ...,Personality Disorder
Searching for a way out of this endless darkness and hopeless agony. Anyone else feel this?,Suicidal
"Honestly, Exhausted physically and mentally from non-stop high-pressure environment. ...",Stress
"Lately, Manic episode made me feel unstoppable, now dealing with severe aftermath. Need advice.",Bi-Polar
"Honestly, Really enjoying learning python programming and data science lately. ...",Normal
"I feel like Intense unstable relationships, loving someone one minute and hating them next. Sigh.",Personality Disorder
"Honestly, Waking up feeling heavy and empty, waiting for the day to just end. #mentalhealth",Depression
"Lately, Exhausted physically and mentally from non-stop high-pressure environment. Need advice.",Stress
"Feeling hyperactive and spending money impulsively, then sudden dark crash. Anyone else feel this?",Bi-Polar
"Right now, Cannot sleep properly due to overwhelming work pressure and exams. #mentalhealth",Stress
Today: Tired of pretending to be okay when I feel so alone and hollow. Anyone else feel this?,Depression
Today: Feel like everyone would be better off without me existing around.,Suicidal
"Honestly, Restless thoughts keeping me awake all night long, constant fear. ...",Anxiety
"Right now, Overanalyzing past conversations over and over again in my head. Need advice.",Anxiety
"Struggling to get out of bed every morning, everything feels overwhelming. #mentalhealth",Depression
"I feel like My heart is racing fast for no apparent reason, panic is setting in.",Anxiety
"Lately, Overanalyzing past conversations over and over again in my head. Sigh.",Anxiety
"Today: The mental agony is unbearable, don't know how much longer I can endure. ...",Suicidal
"I feel like Feeling hyperactive and spending money impulsively, then sudden dark crash. Anyone else feel this?",Bi-Polar
I feel like Feeling utterly defeated with zero reasons to keep fighting anymore. Need advice.,Suicidal
"Lately, I just want the noise in my head to stop permanently.",Suicidal
"Honestly, Worried about the future all the time, my mind just won't rest. Need advice.",Anxiety
"Right now, Deadlines piling up rapidly and I am drowning under immense pressure. #mentalhealth",Stress
I feel like Emotional reactions feel completely out of proportion to situations. ...,Personality Disorder
"I feel like Extreme mood swings are ruining my life, going from high euphoria to deep depression.",Bi-Polar
"I feel like Intense unstable relationships, loving someone one minute and hating them next. ...",Personality Disorder
"Extreme mood swings are ruining my life, going from high euphoria to deep depression. Anyone else feel this?",Bi-Polar
"Honestly, Feel like I am going to explode if one more thing goes wrong today. Need advice.",Stress
"Lately, Feeling utterly defeated with zero reasons to keep fighting anymore. Sigh.",Suicidal
Exhausted physically and mentally from non-stop high-pressure environment. Need advice.,Stress
"I feel like Extreme mood swings are ruining my life, going from high euphoria to deep depression. Sigh.",Bi-Polar
"Lately, Social situations make me feel overwhelmed and deeply uncomfortable. ...",Anxiety
"Honestly, Waking up feeling heavy and empty, waiting for the day to just end. Need advice.",Depression
"Honestly, Feeling utterly defeated with zero reasons to keep fighting anymore. ...",Suicidal
"Right now, Feeling disconnected from reality and my own sense of identity.",Personality Disorder
"Today: Working 14 hours a day with zero rest, completely burned out. Sigh.",Stress
"Honestly, Volatile mood shifts and chronic fear of rejection dominating my daily life. Anyone else feel this?",Personality Disorder
"Right now, Cannot control these sudden drastic shifts in my emotions and energy levels. #mentalhealth",Bi-Polar
Volatile mood shifts and chronic fear of rejection dominating my daily life.,Personality Disorder
"Lately, Struggling to get out of bed every morning, everything feels overwhelming. Sigh.",Depression
I feel like Tried a new coffee blend today and it was surprisingly delicious. Anyone else feel this?,Normal
"Honestly, Lost interest in all my hobbies, just feel numb and detached. #mentalhealth",Depression
I feel like Peaceful Sunday morning relaxing with fresh tea and acoustic music. Anyone else feel this?,Normal
Today: Deadlines piling up rapidly and I am drowning under immense pressure. ...,Stress
"Honestly, Headaches every day from constant tension and unrelenting strain. ...",Stress
"Lately, Rapidly shifting perceptions of self and others, struggle with trust. ...",Personality Disorder
"Feel extremely nervous about tomorrow's meeting, hands are shaking.",Anxiety
Feeling utterly defeated with zero reasons to keep fighting anymore. Sigh.,Suicidal
"Right now, Really enjoying learning python programming and data science lately. Need advice.",Normal
"Right now, Feeling disconnected from reality and my own sense of identity. #mentalhealth",Personality Disorder
Today: Dark thoughts keep creeping in whenever I am left alone in silence. Sigh.,Depression
Today: Feeling grateful for good health and peaceful sunny weather today. ...,Normal
"Right now, Struggling to get out of bed every morning, everything feels overwhelming. Anyone else feel this?",Depression
"Right now, Feel extremely nervous about tomorrow's meeting, hands are shaking. Sigh.",Anxiety
"Lately, Racing thoughts and bursts of chaotic creativity followed by total paralysis. Sigh.",Bi-Polar
"Lately, Headaches every day from constant tension and unrelenting strain. Sigh.",Stress
"Honestly, Intense unstable relationships, loving someone one minute and hating them next. #mentalhealth",Personality Disorder
"Right now, Sudden wave of panic made it hard to breathe properly in public. Need advice.",Anxiety
Sudden wave of panic made it hard to breathe properly in public. Sigh.,Anxiety
"Honestly, Sudden wave of panic made it hard to breathe properly in public. Sigh.",Anxiety
"Honestly, Cannot control these sudden drastic shifts in my emotions and energy levels. Sigh.",Bi-Polar
"Honestly, Cannot control these sudden drastic shifts in my emotions and energy levels. Sigh.",Bi-Polar
"Right now, So stressed out that I can barely concentrate on basic tasks. #mentalhealth",Stress
"Honestly, Difficulty maintaining stable connections due to emotional turbulence. ...",Personality Disorder
"Right now, Fear of abandonment makes me push people away before they leave me. Sigh.",Personality Disorder
"Lately, Juggling multiple projects without any support is breaking me down.",Stress
Constant feeling of sadness and hopelessness that won't go away. Need advice.,Depression
"Honestly, Deadlines piling up rapidly and I am drowning under immense pressure. Sigh.",Stress
Today: I just want the noise in my head to stop permanently. ...,Suicidal
"Right now, Why does life feel so exhausting and pointless every single day? ...",Depression
"Lately, Intense unstable relationships, loving someone one minute and hating them next. Anyone else feel this?",Personality Disorder
Today: Overanalyzing past conversations over and over again in my head. Anyone else feel this?,Anxiety
Overanalyzing past conversations over and over again in my head. Sigh.,Anxiety
"Right now, Extreme mood swings are ruining my life, going from high euphoria to deep depression. Anyone else feel this?",Bi-Polar
"Lately, Everything is going smoothly at work, accomplished all key goals. Sigh.",Normal
I feel like Isolating myself from friends because I don't have the energy to talk. #mentalhealth,Depression
"Today: Lost interest in all my hobbies, just feel numb and detached. Need advice.",Depression
"Right now, Feel like I am going to explode if one more thing goes wrong today. Sigh.",Stress
Looking forward to the weekend getaway with my university roommates. Sigh.,Normal
"Right now, My heart is racing fast for no apparent reason, panic is setting in. ...",Anxiety
"Feeling completely empty inside, nothing seems to bring joy anymore.",Depression
"Honestly, Struggling to find stability when my mind switches extremes constantly. #mentalhealth",Bi-Polar
Difficulty maintaining stable connections due to emotional turbulence.,Personality Disorder
Today: Struggling to find stability when my mind switches extremes constantly.,Bi-Polar
"I feel like Too many responsibilities at once, feeling extremely tense and irritable.",Stress
"Lately, Struggling to find stability when my mind switches extremes constantly.",Bi-Polar
Today: Juggling multiple projects without any support is breaking me down. #mentalhealth,Stress
I feel like Looking forward to the weekend getaway with my university roommates. Sigh.,Normal
I feel like Juggling multiple projects without any support is breaking me down.,Stress
"Today: Struggling to get out of bed every morning, everything feels overwhelming. Need advice.",Depression
"Honestly, Intense unstable relationships, loving someone one minute and hating them next. Sigh.",Personality Disorder
"Lately, Sudden wave of panic made it hard to breathe properly in public. ...",Anxiety
Today: Dark thoughts keep creeping in whenever I am left alone in silence. #mentalhealth,Depression
Cooking dinner with loved ones and watching a pleasant movie tonight. ...,Normal
"I feel like Intense unstable relationships, loving someone one minute and hating them next. #mentalhealth",Personality Disorder
"Honestly, Impulsive behavior and sudden anger outbursts that I deeply regret after.",Personality Disorder
"Right now, Had a great day spending time with family and friends at the park. ...",Normal
"Honestly, Spent 48 hours awake feeling on top of the world, now completely hopeless. Anyone else feel this?",Bi-Polar
Cooking dinner with loved ones and watching a pleasant movie tonight. Need advice.,Normal
Today: Terrified of making mistakes and failing in front of everybody.,Anxiety
Today: Tightness in my chest and constant feeling that something terrible will happen. Anyone else feel this?,Anxiety
Today: Cooking dinner with loved ones and watching a pleasant movie tonight. Need advice.,Normal
"Lately, My heart is racing fast for no apparent reason, panic is setting in. #mentalhealth",Anxiety
"I feel like One day I feel invincible with unlimited energy, next day I can't leave bed. #mentalhealth",Bi-Polar
"Today: Extreme mood swings are ruining my life, going from high euphoria to deep depression. Sigh.",Bi-Polar
I feel like Tried a new coffee blend today and it was surprisingly delicious. Need advice.,Normal
"Lately, So stressed out that I can barely concentrate on basic tasks. Anyone else feel this?",Stress
I feel like Unpredictable emotional waves driving away the people who care about me. Need advice.,Bi-Polar
"Lately, Cooking dinner with loved ones and watching a pleasant movie tonight.",Normal
"Lately, Worried about the future all the time, my mind just won't rest. ...",Anxiety
"Today: Spent 48 hours awake feeling on top of the world, now completely hopeless. Anyone else feel this?",Bi-Polar
Constantly feeling empty inside and seeking external validation desperately. Anyone else feel this?,Personality Disorder
"Lately, Sudden wave of panic made it hard to breathe properly in public. ...",Anxiety
"Honestly, Swinging between intense enthusiasm and devastating deep despair rapidly. #mentalhealth",Bi-Polar
I feel like Deadlines piling up rapidly and I am drowning under immense pressure. Need advice.,Stress
"Honestly, Rapidly shifting perceptions of self and others, struggle with trust. Sigh.",Personality Disorder
"I feel like Intense unstable relationships, loving someone one minute and hating them next. Anyone else feel this?",Personality Disorder
"Right now, Headaches every day from constant tension and unrelenting strain. Sigh.",Stress
"Honestly, Struggling to get out of bed every morning, everything feels overwhelming.",Depression
"Honestly, Unpredictable emotional waves driving away the people who care about me. Anyone else feel this?",Bi-Polar
"Today: Goodbyes feel closer than ever, I am completely broken beyond repair.",Suicidal
"Right now, Feel extremely nervous about tomorrow's meeting, hands are shaking. #mentalhealth",Anxiety
"Honestly, Why does life feel so exhausting and pointless every single day?",Depression
"Honestly, Racing thoughts and bursts of chaotic creativity followed by total paralysis. #mentalhealth",Bi-Polar
"Lately, Just finished reading a fantastic book on history and science. Anyone else feel this?",Normal
"Right now, The mental agony is unbearable, don't know how much longer I can endure. Need advice.",Suicidal
Today: I just want the noise in my head to stop permanently. Anyone else feel this?,Suicidal
"My heart is racing fast for no apparent reason, panic is setting in.",Anxiety
"Right now, Deadlines piling up rapidly and I am drowning under immense pressure. Sigh.",Stress
Just finished reading a fantastic book on history and science. Need advice.,Normal
"Honestly, Emotional reactions feel completely out of proportion to situations. Sigh.",Personality Disorder
"Lately, Headaches every day from constant tension and unrelenting strain. #mentalhealth",Stress
"Lately, Searching for a way out of this endless darkness and hopeless agony. Sigh.",Suicidal
"Today: Reached my absolute limit, losing all hope for any recovery or peace.",Suicidal
"I feel like Struggling to get out of bed every morning, everything feels overwhelming. ...",Depression
"Lately, Goodbyes feel closer than ever, I am completely broken beyond repair. #mentalhealth",Suicidal
"Lately, Cannot control these sudden drastic shifts in my emotions and energy levels.",Bi-Polar
"Honestly, Spent 48 hours awake feeling on top of the world, now completely hopeless. Sigh.",Bi-Polar
Looking forward to the weekend getaway with my university roommates.,Normal
"Today: Rapidly shifting perceptions of self and others, struggle with trust. Anyone else feel this?",Personality Disorder
I feel like Looking forward to the weekend getaway with my university roommates. #mentalhealth,Normal
I feel like Sudden wave of panic made it hard to breathe properly in public. #mentalhealth,Anxiety
"Worried about the future all the time, my mind just won't rest. Anyone else feel this?",Anxiety
Today: Looking forward to the weekend getaway with my university roommates. #mentalhealth,Normal
"Right now, Manic episode made me feel unstoppable, now dealing with severe aftermath. ...",Bi-Polar
I feel like Deadlines piling up rapidly and I am drowning under immense pressure.,Stress
I feel like Fear of abandonment makes me push people away before they leave me. Need advice.,Personality Disorder
"Unsure of who I really am, identity feels fragmented and empty constantly. ...",Personality Disorder
"Honestly, Feeling like giving up on everything, cannot carry this heavy pain. ...",Suicidal
"Right now, Spent 48 hours awake feeling on top of the world, now completely hopeless. Anyone else feel this?",Bi-Polar
"Lately, Looking forward to the weekend getaway with my university roommates. Anyone else feel this?",Normal
"Today: Feeling completely empty inside, nothing seems to bring joy anymore. Need advice.",Depression
"Today: No time for self-care or relaxation, constantly running on fumes.",Stress
"Right now, Looking forward to the weekend getaway with my university roommates. #mentalhealth",Normal
"Feel extremely nervous about tomorrow's meeting, hands are shaking. ...",Anxiety
"I feel like Struggling to get out of bed every morning, everything feels overwhelming.",Depression
"Honestly, Feeling disconnected from reality and my own sense of identity. ...",Personality Disorder
"Right now, So stressed out that I can barely concentrate on basic tasks. ...",Stress
I feel like Swinging between intense enthusiasm and devastating deep despair rapidly. Anyone else feel this?,Bi-Polar
"Honestly, Feel like a burden to everyone around me, nobody really understands. Sigh.",Depression
Today: Volatile mood shifts and chronic fear of rejection dominating my daily life. Need advice.,Personality Disorder
I feel like Social situations make me feel overwhelmed and deeply uncomfortable. Need advice.,Anxiety
"Right now, Restless thoughts keeping me awake all night long, constant fear. #mentalhealth",Anxiety
Today: Dark thoughts keep creeping in whenever I am left alone in silence.,Depression
I feel like Difficulty maintaining stable connections due to emotional turbulence. #mentalhealth,Personality Disorder
"Lately, Feeling completely empty inside, nothing seems to bring joy anymore. Anyone else feel this?",Depression
"Right now, Volatile mood shifts and chronic fear of rejection dominating my daily life. #mentalhealth",Personality Disorder
I feel like Wishing I could just disappear and never wake up ever again.,Suicidal
"Right now, Waking up feeling heavy and empty, waiting for the day to just end. #mentalhealth",Depression
"I feel like One day I feel invincible with unlimited energy, next day I can't leave bed. ...",Bi-Polar
"Honestly, Extreme mood swings are ruining my life, going from high euphoria to deep depression.",Bi-Polar
"Everything is going smoothly at work, accomplished all key goals. Need advice.",Normal
"I feel like No time for self-care or relaxation, constantly running on fumes.",Stress
Today: Unpredictable emotional waves driving away the people who care about me. Need advice.,Bi-Polar
"Honestly, So stressed out that I can barely concentrate on basic tasks. Sigh.",Stress
"Right now, Feel like a burden to everyone around me, nobody really understands. Need advice.",Depression
Today: Feeling grateful for good health and peaceful sunny weather today. ...,Normal
"Lately, The mental agony is unbearable, don't know how much longer I can endure. Need advice.",Suicidal
"Lately, So stressed out that I can barely concentrate on basic tasks.",Stress
"Lately, Cannot sleep properly due to overwhelming work pressure and exams. Need advice.",Stress
I feel like Exhausted physically and mentally from non-stop high-pressure environment. Need advice.,Stress
"Right now, Constantly feeling empty inside and seeking external validation desperately. Anyone else feel this?",Personality Disorder
"Right now, Everything is going smoothly at work, accomplished all key goals. Sigh.",Normal
I feel like Feel like everyone would be better off without me existing around. Anyone else feel this?,Suicidal
Today: Social situations make me feel overwhelmed and deeply uncomfortable.,Anxiety
"Honestly, Struggling to find stability when my mind switches extremes constantly.",Bi-Polar
"Too many responsibilities at once, feeling extremely tense and irritable.",Stress
Cannot sleep properly due to overwhelming work pressure and exams. Sigh.,Stress
"Right now, Feeling completely empty inside, nothing seems to bring joy anymore. Anyone else feel this?",Depression
"Worried about the future all the time, my mind just won't rest.",Anxiety
"Lately, Feeling completely empty inside, nothing seems to bring joy anymore. #mentalhealth",Depression
"Right now, Headaches every day from constant tension and unrelenting strain. Anyone else feel this?",Stress
I feel like Juggling multiple projects without any support is breaking me down. Sigh.,Stress
"Honestly, Completed my workout session and feel energized for the upcoming week. Need advice.",Normal
"Lately, Restless thoughts keeping me awake all night long, constant fear. ...",Anxiety
Today: Searching for a way out of this endless darkness and hopeless agony. Sigh.,Suicidal
"Honestly, Really enjoying learning python programming and data science lately. Sigh.",Normal
"Right now, Dark thoughts keep creeping in whenever I am left alone in silence. Need advice.",Depression
"Right now, Wishing I could just disappear and never wake up ever again. ...",Suicidal
"Honestly, Spent 48 hours awake feeling on top of the world, now completely hopeless. Need advice.",Bi-Polar
"Honestly, Constantly feeling empty inside and seeking external validation desperately.",Personality Disorder
"Honestly, So stressed out that I can barely concentrate on basic tasks. #mentalhealth",Stress
Tightness in my chest and constant feeling that something terrible will happen. Need advice.,Anxiety
"Honestly, Working 14 hours a day with zero rest, completely burned out. Need advice.",Stress
"I feel like Feeling like giving up on everything, cannot carry this heavy pain. Anyone else feel this?",Suicidal
"Right now, Reached my absolute limit, losing all hope for any recovery or peace. Sigh.",Suicidal
"Right now, So stressed out that I can barely concentrate on basic tasks. Sigh.",Stress
"Lately, Wishing I could just disappear and never wake up ever again.",Suicidal
I feel like Tightness in my chest and constant feeling that something terrible will happen. #mentalhealth,Anxiety
"Today: Working 14 hours a day with zero rest, completely burned out. ...",Stress
I feel like Swinging between intense enthusiasm and devastating deep despair rapidly.,Bi-Polar
"I feel like Manic episode made me feel unstoppable, now dealing with severe aftermath. Anyone else feel this?",Bi-Polar
"Right now, Restless thoughts keeping me awake all night long, constant fear. Need advice.",Anxiety
"Lately, I just want the noise in my head to stop permanently. Anyone else feel this?",Suicidal
Today: Searching for a way out of this endless darkness and hopeless agony. Need advice.,Suicidal
"Honestly, Feel extremely nervous about tomorrow's meeting, hands are shaking. #mentalhealth",Anxiety
Completed my workout session and feel energized for the upcoming week.,Normal
"Right now, Restless thoughts keeping me awake all night long, constant fear. Sigh.",Anxiety
I feel like Tired of pretending to be okay when I feel so alone and hollow. ...,Depression
I feel like Why does life feel so exhausting and pointless every single day?,Depression
"Lately, My heart is racing fast for no apparent reason, panic is setting in. Anyone else feel this?",Anxiety
"Right now, Restless thoughts keeping me awake all night long, constant fear. Anyone else feel this?",Anxiety
"Right now, Spent 48 hours awake feeling on top of the world, now completely hopeless. #mentalhealth",Bi-Polar
Feeling grateful for good health and peaceful sunny weather today. Sigh.,Normal
Deadlines piling up rapidly and I am drowning under immense pressure. Need advice.,Stress
Why does life feel so exhausting and pointless every single day? Need advice.,Depression
"Honestly, Feel like a burden to everyone around me, nobody really understands. Sigh.",Depression
I feel like Just finished reading a fantastic book on history and science. Anyone else feel this?,Normal
Today: Headaches every day from constant tension and unrelenting strain. Sigh.,Stress
"Right now, Worried about the future all the time, my mind just won't rest. Sigh.",Anxiety
"Today: Working 14 hours a day with zero rest, completely burned out. Need advice.",Stress
Unpredictable emotional waves driving away the people who care about me. Anyone else feel this?,Bi-Polar
"I feel like Goodbyes feel closer than ever, I am completely broken beyond repair. ...",Suicidal
"Today: Manic episode made me feel unstoppable, now dealing with severe aftermath.",Bi-Polar
"I feel like Struggling to get out of bed every morning, everything feels overwhelming. Need advice.",Depression
Constant feeling of sadness and hopelessness that won't go away.,Depression
"Right now, Intense unstable relationships, loving someone one minute and hating them next. Anyone else feel this?",Personality Disorder
I feel like Looking forward to the weekend getaway with my university roommates.,Normal
"Lately, Intense unstable relationships, loving someone one minute and hating them next. Anyone else feel this?",Personality Disorder
"I feel like Worried about the future all the time, my mind just won't rest. Anyone else feel this?",Anxiety
"Honestly, Deadlines piling up rapidly and I am drowning under immense pressure. Anyone else feel this?",Stress
"Today: Feeling hyperactive and spending money impulsively, then sudden dark crash. ...",Bi-Polar
I feel like Constant feeling of sadness and hopelessness that won't go away. #mentalhealth,Depression
Today: Headaches every day from constant tension and unrelenting strain. Sigh.,Stress
"Right now, Tried a new coffee blend today and it was surprisingly delicious. Anyone else feel this?",Normal
"Lately, Really enjoying learning python programming and data science lately. Need advice.",Normal
I feel like Completed my workout session and feel energized for the upcoming week. Need advice.,Normal
"Today: Everything is going smoothly at work, accomplished all key goals. Need advice.",Normal
Tried a new coffee blend today and it was surprisingly delicious. #mentalhealth,Normal
I feel like Dark thoughts keep creeping in whenever I am left alone in silence.,Depression
"Lately, Unpredictable emotional waves driving away the people who care about me. #mentalhealth",Bi-Polar
Today: Cooking dinner with loved ones and watching a pleasant movie tonight.,Normal
"Right now, Fear of abandonment makes me push people away before they leave me. #mentalhealth",Personality Disorder
"Today: Feel extremely nervous about tomorrow's meeting, hands are shaking. Anyone else feel this?",Anxiety
"Lately, Racing thoughts and bursts of chaotic creativity followed by total paralysis. ...",Bi-Polar
"Honestly, So stressed out that I can barely concentrate on basic tasks. Anyone else feel this?",Stress
Feel like everyone would be better off without me existing around. #mentalhealth,Suicidal
"I feel like One day I feel invincible with unlimited energy, next day I can't leave bed. Anyone else feel this?",Bi-Polar
"Right now, Unpredictable emotional waves driving away the people who care about me. #mentalhealth",Bi-Polar
Completed my workout session and feel energized for the upcoming week. Sigh.,Normal
Today: Feel like everyone would be better off without me existing around.,Suicidal
"Lately, Extreme mood swings are ruining my life, going from high euphoria to deep depression. Need advice.",Bi-Polar
Headaches every day from constant tension and unrelenting strain. Sigh.,Stress
"Honestly, Cannot control these sudden drastic shifts in my emotions and energy levels. Anyone else feel this?",Bi-Polar
"Honestly, Reached my absolute limit, losing all hope for any recovery or peace.",Suicidal
"Manic episode made me feel unstoppable, now dealing with severe aftermath.",Bi-Polar
"Honestly, Tried a new coffee blend today and it was surprisingly delicious. ...",Normal
"My heart is racing fast for no apparent reason, panic is setting in.",Anxiety
"Today: Struggling to get out of bed every morning, everything feels overwhelming.",Depression
"Today: My heart is racing fast for no apparent reason, panic is setting in. ...",Anxiety
"Right now, Extreme mood swings are ruining my life, going from high euphoria to deep depression.",Bi-Polar
I feel like Looking forward to the weekend getaway with my university roommates. ...,Normal
"Lately, One day I feel invincible with unlimited energy, next day I can't leave bed.",Bi-Polar
"Right now, Cannot control these sudden drastic shifts in my emotions and energy levels.",Bi-Polar
"Lately, Feeling disconnected from reality and my own sense of identity. Sigh.",Personality Disorder
"Right now, Terrified of making mistakes and failing in front of everybody. Need advice.",Anxiety
"Honestly, Searching for a way out of this endless darkness and hopeless agony. Need advice.",Suicidal
Today: Cooking dinner with loved ones and watching a pleasant movie tonight. Sigh.,Normal
"I feel like Reached my absolute limit, losing all hope for any recovery or peace. #mentalhealth",Suicidal
Today: Deadlines piling up rapidly and I am drowning under immense pressure. ...,Stress
"Honestly, Unpredictable emotional waves driving away the people who care about me. ...",Bi-Polar
"Honestly, Peaceful Sunday morning relaxing with fresh tea and acoustic music. ...",Normal
Today: Unpredictable emotional waves driving away the people who care about me.,Bi-Polar
"Today: Feeling like giving up on everything, cannot carry this heavy pain.",Suicidal
"Honestly, Feeling completely empty inside, nothing seems to bring joy anymore. Sigh.",Depression
Today: Feel like I am going to explode if one more thing goes wrong today. Sigh.,Stress
"I feel like Rapidly shifting perceptions of self and others, struggle with trust. ...",Personality Disorder
"Right now, Lost interest in all my hobbies, just feel numb and detached. #mentalhealth",Depression
"Right now, Feeling hyperactive and spending money impulsively, then sudden dark crash. Need advice.",Bi-Polar
"Right now, Looking forward to the weekend getaway with my university roommates. Anyone else feel this?",Normal
"Right now, Manic episode made me feel unstoppable, now dealing with severe aftermath.",Bi-Polar
I feel like Terrified of making mistakes and failing in front of everybody. Sigh.,Anxiety
"Honestly, Feeling grateful for good health and peaceful sunny weather today.",Normal
"Honestly, Feeling completely empty inside, nothing seems to bring joy anymore. ...",Depression
"Lately, Terrified of making mistakes and failing in front of everybody. #mentalhealth",Anxiety
"Unsure of who I really am, identity feels fragmented and empty constantly.",Personality Disorder
Juggling multiple projects without any support is breaking me down. #mentalhealth,Stress
I feel like Feeling utterly defeated with zero reasons to keep fighting anymore. Sigh.,Suicidal
"Lately, Why does life feel so exhausting and pointless every single day? Sigh.",Depression
"Honestly, Isolating myself from friends because I don't have the energy to talk. Anyone else feel this?",Depression
"Right now, Intense unstable relationships, loving someone one minute and hating them next. Anyone else feel this?",Personality Disorder
"Right now, Just finished reading a fantastic book on history and science. #mentalhealth",Normal
"Today: Goodbyes feel closer than ever, I am completely broken beyond repair. #mentalhealth",Suicidal
Constant feeling of sadness and hopelessness that won't go away. #mentalhealth,Depression
"I feel like Lost interest in all my hobbies, just feel numb and detached. Need advice.",Depression
Today: Constantly feeling empty inside and seeking external validation desperately. Need advice.,Personality Disorder
"Honestly, Had a great day spending time with family and friends at the park. Anyone else feel this?",Normal
"Lately, Tired of pretending to be okay when I feel so alone and hollow. ...",Depression
"Lately, Searching for a way out of this endless darkness and hopeless agony. #mentalhealth",Suicidal
"Reached my absolute limit, losing all hope for any recovery or peace. ...",Suicidal
I feel like Cooking dinner with loved ones and watching a pleasant movie tonight. Need advice.,Normal
"Honestly, Deadlines piling up rapidly and I am drowning under immense pressure. #mentalhealth",Stress
"One day I feel invincible with unlimited energy, next day I can't leave bed.",Bi-Polar
"Right now, Exhausted physically and mentally from non-stop high-pressure environment. Sigh.",Stress
I feel like Peaceful Sunday morning relaxing with fresh tea and acoustic music. ...,Normal
Today: Constantly feeling empty inside and seeking external validation desperately. Sigh.,Personality Disorder
I feel like Constant feeling of sadness and hopelessness that won't go away. #mentalhealth,Depression
"Honestly, Lost interest in all my hobbies, just feel numb and detached. #mentalhealth",Depression
"Honestly, Completed my workout session and feel energized for the upcoming week. #mentalhealth",Normal
"Right now, I just want the noise in my head to stop permanently. ...",Suicidal
Cannot control these sudden drastic shifts in my emotions and energy levels. Anyone else feel this?,Bi-Polar
"Honestly, Unsure of who I really am, identity feels fragmented and empty constantly. #mentalhealth",Personality Disorder
Today: Emotional reactions feel completely out of proportion to situations. #mentalhealth,Personality Disorder
I feel like So stressed out that I can barely concentrate on basic tasks. Need advice.,Stress
"Honestly, Feel extremely nervous about tomorrow's meeting, hands are shaking. Sigh.",Anxiety
"Honestly, So stressed out that I can barely concentrate on basic tasks.",Stress
"Lately, Cannot sleep properly due to overwhelming work pressure and exams. Anyone else feel this?",Stress
"Lately, Tightness in my chest and constant feeling that something terrible will happen. Need advice.",Anxiety
"Right now, Social situations make me feel overwhelmed and deeply uncomfortable. #mentalhealth",Anxiety
"Honestly, Volatile mood shifts and chronic fear of rejection dominating my daily life. Anyone else feel this?",Personality Disorder
"Lately, Feel extremely nervous about tomorrow's meeting, hands are shaking. ...",Anxiety
Why does life feel so exhausting and pointless every single day? Anyone else feel this?,Depression
"Right now, Headaches every day from constant tension and unrelenting strain. #mentalhealth",Stress
"Lately, Just finished reading a fantastic book on history and science. Anyone else feel this?",Normal
Today: I just want the noise in my head to stop permanently. Anyone else feel this?,Suicidal
"Right now, Feeling like giving up on everything, cannot carry this heavy pain. #mentalhealth",Suicidal
"Lately, Everything is going smoothly at work, accomplished all key goals. Sigh.",Normal
"Lately, Overanalyzing past conversations over and over again in my head. #mentalhealth",Anxiety
"Today: My heart is racing fast for no apparent reason, panic is setting in. ...",Anxiety
Struggling to find stability when my mind switches extremes constantly. Anyone else feel this?,Bi-Polar
"Right now, Reached my absolute limit, losing all hope for any recovery or peace. Sigh.",Suicidal
"Honestly, Reached my absolute limit, losing all hope for any recovery or peace.",Suicidal
"Honestly, Unpredictable emotional waves driving away the people who care about me. Sigh.",Bi-Polar
"Today: Spent 48 hours awake feeling on top of the world, now completely hopeless. #mentalhealth",Bi-Polar
Today: Completed my workout session and feel energized for the upcoming week. Sigh.,Normal
"Extreme mood swings are ruining my life, going from high euphoria to deep depression. Need advice.",Bi-Polar
Today: Headaches every day from constant tension and unrelenting strain. Need advice.,Stress
"Lately, Why does life feel so exhausting and pointless every single day? ...",Depression
"Honestly, Looking forward to the weekend getaway with my university roommates. Anyone else feel this?",Normal
"Right now, Deadlines piling up rapidly and I am drowning under immense pressure.",Stress
"Right now, Fear of abandonment makes me push people away before they leave me. Sigh.",Personality Disorder
Searching for a way out of this endless darkness and hopeless agony. ...,Suicidal
I feel like Overanalyzing past conversations over and over again in my head. ...,Anxiety
"Lately, I just want the noise in my head to stop permanently. #mentalhealth",Suicidal
I feel like Tightness in my chest and constant feeling that something terrible will happen. ...,Anxiety
Today: Feel like everyone would be better off without me existing around. ...,Suicidal
"Today: Feeling completely empty inside, nothing seems to bring joy anymore. #mentalhealth",Depression
"Honestly, Peaceful Sunday morning relaxing with fresh tea and acoustic music. Anyone else feel this?",Normal
"Deep inescapable dark pit, desperate for an end to this torment. Sigh.",Suicidal
"Today: Feeling completely empty inside, nothing seems to bring joy anymore. Sigh.",Depression
Had a great day spending time with family and friends at the park. Need advice.,Normal
"Lately, Had a great day spending time with family and friends at the park. Sigh.",Normal
"Lately, Racing thoughts and bursts of chaotic creativity followed by total paralysis. #mentalhealth",Bi-Polar
"Today: Worried about the future all the time, my mind just won't rest. Anyone else feel this?",Anxiety
"Lately, Deep inescapable dark pit, desperate for an end to this torment. Anyone else feel this?",Suicidal
"I feel like Reached my absolute limit, losing all hope for any recovery or peace. #mentalhealth",Suicidal
"Lately, Waking up feeling heavy and empty, waiting for the day to just end. #mentalhealth",Depression
"Feeling like giving up on everything, cannot carry this heavy pain.",Suicidal
Today: Emotional reactions feel completely out of proportion to situations. Need advice.,Personality Disorder
I feel like Why does life feel so exhausting and pointless every single day? Need advice.,Depression
"Lately, Cannot sleep properly due to overwhelming work pressure and exams. Need advice.",Stress
"Today: Intense unstable relationships, loving someone one minute and hating them next. #mentalhealth",Personality Disorder
"I feel like No time for self-care or relaxation, constantly running on fumes. ...",Stress
"Lately, Impulsive behavior and sudden anger outbursts that I deeply regret after. Need advice.",Personality Disorder
"Honestly, Swinging between intense enthusiasm and devastating deep despair rapidly. Anyone else feel this?",Bi-Polar
"Feeling completely empty inside, nothing seems to bring joy anymore. Anyone else feel this?",Depression
Feeling disconnected from reality and my own sense of identity. Anyone else feel this?,Personality Disorder
Exhausted physically and mentally from non-stop high-pressure environment. ...,Stress
"Today: Rapidly shifting perceptions of self and others, struggle with trust. ...",Personality Disorder
Feeling grateful for good health and peaceful sunny weather today. ...,Normal
I feel like Feel like everyone would be better off without me existing around. Need advice.,Suicidal
"Today: Spent 48 hours awake feeling on top of the world, now completely hopeless. Need advice.",Bi-Polar
"Honestly, Racing thoughts and bursts of chaotic creativity followed by total paralysis. #mentalhealth",Bi-Polar
Today: Volatile mood shifts and chronic fear of rejection dominating my daily life. ...,Personality Disorder
"Honestly, Feeling completely empty inside, nothing seems to bring joy anymore. ...",Depression
"Lately, Isolating myself from friends because I don't have the energy to talk. #mentalhealth",Depression
"I feel like Spent 48 hours awake feeling on top of the world, now completely hopeless.",Bi-Polar
"Right now, Lost interest in all my hobbies, just feel numb and detached. Need advice.",Depression
"Honestly, Intense unstable relationships, loving someone one minute and hating them next. ...",Personality Disorder
"Right now, Completed my workout session and feel energized for the upcoming week.",Normal
I feel like Really enjoying learning python programming and data science lately. Anyone else feel this?,Normal
"Feeling hyperactive and spending money impulsively, then sudden dark crash. #mentalhealth",Bi-Polar
I feel like Sudden wave of panic made it hard to breathe properly in public. Sigh.,Anxiety
I feel like Had a great day spending time with family and friends at the park.,Normal
"Lately, Looking forward to the weekend getaway with my university roommates. Need advice.",Normal
"I feel like Too many responsibilities at once, feeling extremely tense and irritable. #mentalhealth",Stress
"Right now, Reached my absolute limit, losing all hope for any recovery or peace. Need advice.",Suicidal
"Honestly, Deadlines piling up rapidly and I am drowning under immense pressure. #mentalhealth",Stress
"Right now, Feeling like giving up on everything, cannot carry this heavy pain. #mentalhealth",Suicidal
"Lately, Reached my absolute limit, losing all hope for any recovery or peace. ...",Suicidal
"I feel like Feel like a burden to everyone around me, nobody really understands. Need advice.",Depression
"Today: Too many responsibilities at once, feeling extremely tense and irritable. #mentalhealth",Stress
"Lately, Struggling to get out of bed every morning, everything feels overwhelming.",Depression
"Honestly, Difficulty maintaining stable connections due to emotional turbulence. #mentalhealth",Personality Disorder
"Feeling like giving up on everything, cannot carry this heavy pain. Sigh.",Suicidal
"Honestly, Cannot sleep properly due to overwhelming work pressure and exams.",Stress
"Right now, Cannot sleep properly due to overwhelming work pressure and exams. Anyone else feel this?",Stress
"Lately, Constantly feeling empty inside and seeking external validation desperately. Anyone else feel this?",Personality Disorder
"Right now, Feel like a burden to everyone around me, nobody really understands.",Depression
"Right now, Difficulty maintaining stable connections due to emotional turbulence. #mentalhealth",Personality Disorder
"Right now, Impulsive behavior and sudden anger outbursts that I deeply regret after. Sigh.",Personality Disorder
"Today: Feel like a burden to everyone around me, nobody really understands.",Depression
"Right now, Working 14 hours a day with zero rest, completely burned out. Anyone else feel this?",Stress
"Right now, Peaceful Sunday morning relaxing with fresh tea and acoustic music. ...",Normal
"Lately, Wishing I could just disappear and never wake up ever again. Anyone else feel this?",Suicidal
"Lately, Wishing I could just disappear and never wake up ever again. Sigh.",Suicidal
"Honestly, Struggling to find stability when my mind switches extremes constantly. Sigh.",Bi-Polar
Isolating myself from friends because I don't have the energy to talk. Sigh.,Depression
"Right now, Lost interest in all my hobbies, just feel numb and detached. ...",Depression
I feel like Looking forward to the weekend getaway with my university roommates. ...,Normal
"Lately, Swinging between intense enthusiasm and devastating deep despair rapidly. ...",Bi-Polar
Constant feeling of sadness and hopelessness that won't go away.,Depression
"I feel like Struggling to get out of bed every morning, everything feels overwhelming. #mentalhealth",Depression
"I feel like Worried about the future all the time, my mind just won't rest.",Anxiety
Today: Social situations make me feel overwhelmed and deeply uncomfortable.,Anxiety
"Honestly, Isolating myself from friends because I don't have the energy to talk. Anyone else feel this?",Depression
I feel like Tried a new coffee blend today and it was surprisingly delicious.,Normal
"Waking up feeling heavy and empty, waiting for the day to just end. Sigh.",Depression
Today: Social situations make me feel overwhelmed and deeply uncomfortable. Anyone else feel this?,Anxiety
"Right now, Spent 48 hours awake feeling on top of the world, now completely hopeless. Anyone else feel this?",Bi-Polar
"Today: Deep inescapable dark pit, desperate for an end to this torment. Need advice.",Suicidal
Terrified of making mistakes and failing in front of everybody.,Anxiety
"I feel like Restless thoughts keeping me awake all night long, constant fear. ...",Anxiety
"Honestly, So stressed out that I can barely concentrate on basic tasks. Anyone else feel this?",Stress
I feel like Feeling disconnected from reality and my own sense of identity. #mentalhealth,Personality Disorder
"Unsure of who I really am, identity feels fragmented and empty constantly. Sigh.",Personality Disorder
"Lately, Overanalyzing past conversations over and over again in my head. Anyone else feel this?",Anxiety
Today: Fear of abandonment makes me push people away before they leave me. ...,Personality Disorder
"Right now, Why does life feel so exhausting and pointless every single day? ...",Depression
"Honestly, Feeling disconnected from reality and my own sense of identity. Sigh.",Personality Disorder
Today: Juggling multiple projects without any support is breaking me down. ...,Stress
"Manic episode made me feel unstoppable, now dealing with severe aftermath. Sigh.",Bi-Polar
I feel like Impulsive behavior and sudden anger outbursts that I deeply regret after. Sigh.,Personality Disorder
"Lately, Reached my absolute limit, losing all hope for any recovery or peace. ...",Suicidal
"Honestly, Feeling utterly defeated with zero reasons to keep fighting anymore. ...",Suicidal
I feel like Cannot sleep properly due to overwhelming work pressure and exams. #mentalhealth,Stress
Today: Headaches every day from constant tension and unrelenting strain. Anyone else feel this?,Stress
Today: Constant feeling of sadness and hopelessness that won't go away. #mentalhealth,Depression
"Honestly, Deep inescapable dark pit, desperate for an end to this torment. Need advice.",Suicidal
"Right now, Feel like everyone would be better off without me existing around. ...",Suicidal
"Honestly, Emotional reactions feel completely out of proportion to situations.",Personality Disorder
"Honestly, Searching for a way out of this endless darkness and hopeless agony. Sigh.",Suicidal
"Honestly, Impulsive behavior and sudden anger outbursts that I deeply regret after. Need advice.",Personality Disorder
Tried a new coffee blend today and it was surprisingly delicious. Sigh.,Normal
"Lately, Cannot sleep properly due to overwhelming work pressure and exams. Sigh.",Stress
"Lately, Feeling grateful for good health and peaceful sunny weather today. #mentalhealth",Normal
"Lately, Too many responsibilities at once, feeling extremely tense and irritable.",Stress
Today: Really enjoying learning python programming and data science lately. Need advice.,Normal
"Right now, Struggling to get out of bed every morning, everything feels overwhelming. Need advice.",Depression
Today: Cooking dinner with loved ones and watching a pleasant movie tonight. ...,Normal
"I feel like Everything is going smoothly at work, accomplished all key goals. Need advice.",Normal
Today: Tried a new coffee blend today and it was surprisingly delicious.,Normal
"Lately, Impulsive behavior and sudden anger outbursts that I deeply regret after.",Personality Disorder
"I feel like One day I feel invincible with unlimited energy, next day I can't leave bed. #mentalhealth",Bi-Polar
"Lost interest in all my hobbies, just feel numb and detached. #mentalhealth",Depression
"Right now, The mental agony is unbearable, don't know how much longer I can endure. Need advice.",Suicidal
"Feel extremely nervous about tomorrow's meeting, hands are shaking. Anyone else feel this?",Anxiety
"Honestly, Cannot control these sudden drastic shifts in my emotions and energy levels. ...",Bi-Polar
I feel like I just want the noise in my head to stop permanently.,Suicidal
Today: Juggling multiple projects without any support is breaking me down. Anyone else feel this?,Stress
"Lately, No time for self-care or relaxation, constantly running on fumes. Anyone else feel this?",Stress
"Rapidly shifting perceptions of self and others, struggle with trust.",Personality Disorder
"Honestly, Intense unstable relationships, loving someone one minute and hating them next. Anyone else feel this?",Personality Disorder
"I feel like Spent 48 hours awake feeling on top of the world, now completely hopeless. Sigh.",Bi-Polar
"Lost interest in all my hobbies, just feel numb and detached. Need advice.",Depression
"Today: Feeling completely empty inside, nothing seems to bring joy anymore. Need advice.",Depression
"Right now, Unpredictable emotional waves driving away the people who care about me. ...",Bi-Polar
"Honestly, Why does life feel so exhausting and pointless every single day? Anyone else feel this?",Depression
Looking forward to the weekend getaway with my university roommates. ...,Normal
"Today: Too many responsibilities at once, feeling extremely tense and irritable.",Stress
"Today: Feeling completely empty inside, nothing seems to bring joy anymore. ...",Depression
"Honestly, My heart is racing fast for no apparent reason, panic is setting in. Anyone else feel this?",Anxiety
"Lately, Deep inescapable dark pit, desperate for an end to this torment. Anyone else feel this?",Suicidal
"Lately, Cannot sleep properly due to overwhelming work pressure and exams. ...",Stress
I feel like Feeling disconnected from reality and my own sense of identity. ...,Personality Disorder
Today: Deadlines piling up rapidly and I am drowning under immense pressure. Need advice.,Stress
"I feel like Manic episode made me feel unstoppable, now dealing with severe aftermath. ...",Bi-Polar
"Today: Feeling like giving up on everything, cannot carry this heavy pain. Anyone else feel this?",Suicidal
"Right now, Emotional reactions feel completely out of proportion to situations. Need advice.",Personality Disorder
"Right now, Spent 48 hours awake feeling on top of the world, now completely hopeless.",Bi-Polar
"Right now, Overanalyzing past conversations over and over again in my head.",Anxiety
Feel like I am going to explode if one more thing goes wrong today. ...,Stress
"Today: Struggling to get out of bed every morning, everything feels overwhelming. Sigh.",Depression
"Lately, Searching for a way out of this endless darkness and hopeless agony. Anyone else feel this?",Suicidal
I feel like Social situations make me feel overwhelmed and deeply uncomfortable. Sigh.,Anxiety
"Today: Unsure of who I really am, identity feels fragmented and empty constantly. Need advice.",Personality Disorder
"I feel like Worried about the future all the time, my mind just won't rest.",Anxiety
Today: Tired of pretending to be okay when I feel so alone and hollow. Anyone else feel this?,Depression
I feel like Wishing I could just disappear and never wake up ever again.,Suicidal
"Reached my absolute limit, losing all hope for any recovery or peace. ...",Suicidal
Tired of pretending to be okay when I feel so alone and hollow. ...,Depression
"Honestly, Sudden wave of panic made it hard to breathe properly in public. Sigh.",Anxiety
"Honestly, Tried a new coffee blend today and it was surprisingly delicious. #mentalhealth",Normal
"Lately, Rapidly shifting perceptions of self and others, struggle with trust. #mentalhealth",Personality Disorder
Today: Just finished reading a fantastic book on history and science. Need advice.,Normal
"Honestly, Reached my absolute limit, losing all hope for any recovery or peace. Need advice.",Suicidal
"Lately, Had a great day spending time with family and friends at the park. Sigh.",Normal
"Today: Deep inescapable dark pit, desperate for an end to this torment. #mentalhealth",Suicidal
"Lately, Just finished reading a fantastic book on history and science. Sigh.",Normal
Searching for a way out of this endless darkness and hopeless agony. Anyone else feel this?,Suicidal
"Right now, Reached my absolute limit, losing all hope for any recovery or peace. Sigh.",Suicidal
"Right now, Feeling utterly defeated with zero reasons to keep fighting anymore.",Suicidal
"Right now, Unpredictable emotional waves driving away the people who care about me. #mentalhealth",Bi-Polar
"Today: Intense unstable relationships, loving someone one minute and hating them next. Need advice.",Personality Disorder
"One day I feel invincible with unlimited energy, next day I can't leave bed. ...",Bi-Polar
"Honestly, Manic episode made me feel unstoppable, now dealing with severe aftermath. #mentalhealth",Bi-Polar
"I feel like Struggling to get out of bed every morning, everything feels overwhelming. ...",Depression
Terrified of making mistakes and failing in front of everybody. Sigh.,Anxiety
"Lately, My heart is racing fast for no apparent reason, panic is setting in. Anyone else feel this?",Anxiety
"I feel like Feeling completely empty inside, nothing seems to bring joy anymore. #mentalhealth",Depression
"Lately, Unpredictable emotional waves driving away the people who care about me. #mentalhealth",Bi-Polar
I feel like Tired of pretending to be okay when I feel so alone and hollow. Need advice.,Depression
"Today: Feel extremely nervous about tomorrow's meeting, hands are shaking. Need advice.",Anxiety
"Honestly, Peaceful Sunday morning relaxing with fresh tea and acoustic music. Sigh.",Normal
I feel like Feeling utterly defeated with zero reasons to keep fighting anymore. #mentalhealth,Suicidal
"Honestly, Deadlines piling up rapidly and I am drowning under immense pressure. #mentalhealth",Stress
"Honestly, Cannot stop overthinking every minor detail, constant dread.",Anxiety
"Today: Everything is going smoothly at work, accomplished all key goals. #mentalhealth",Normal
"Lately, Emotional reactions feel completely out of proportion to situations. #mentalhealth",Personality Disorder
"Lately, Overanalyzing past conversations over and over again in my head. ...",Anxiety
"Right now, Feeling hyperactive and spending money impulsively, then sudden dark crash.",Bi-Polar
Just finished reading a fantastic book on history and science. Sigh.,Normal
"Lately, Just finished reading a fantastic book on history and science. Anyone else feel this?",Normal
"Feel like a burden to everyone around me, nobody really understands. Need advice.",Depression
"Right now, Worried about the future all the time, my mind just won't rest. Need advice.",Anxiety
Today: Cannot control these sudden drastic shifts in my emotions and energy levels.,Bi-Polar
"Lately, One day I feel invincible with unlimited energy, next day I can't leave bed. ...",Bi-Polar
Today: Cooking dinner with loved ones and watching a pleasant movie tonight. #mentalhealth,Normal
"Right now, Fear of abandonment makes me push people away before they leave me.",Personality Disorder
"Honestly, Cannot control these sudden drastic shifts in my emotions and energy levels. ...",Bi-Polar
"Honestly, I just want the noise in my head to stop permanently. Sigh.",Suicidal
"Honestly, Deep inescapable dark pit, desperate for an end to this torment. Need advice.",Suicidal
"Honestly, Feeling grateful for good health and peaceful sunny weather today. Sigh.",Normal
"Honestly, No time for self-care or relaxation, constantly running on fumes.",Stress
"Honestly, Difficulty maintaining stable connections due to emotional turbulence. #mentalhealth",Personality Disorder
Today: Struggling to find stability when my mind switches extremes constantly.,Bi-Polar
"Right now, My heart is racing fast for no apparent reason, panic is setting in. Anyone else feel this?",Anxiety
I feel like Impulsive behavior and sudden anger outbursts that I deeply regret after. Sigh.,Personality Disorder
"Honestly, Waking up feeling heavy and empty, waiting for the day to just end.",Depression
Constantly feeling empty inside and seeking external validation desperately. Need advice.,Personality Disorder
"Right now, Unpredictable emotional waves driving away the people who care about me. #mentalhealth",Bi-Polar
"Right now, Volatile mood shifts and chronic fear of rejection dominating my daily life.",Personality Disorder
"I feel like The mental agony is unbearable, don't know how much longer I can endure. Anyone else feel this?",Suicidal
"Lately, Feel extremely nervous about tomorrow's meeting, hands are shaking. #mentalhealth",Anxiety
"Spent 48 hours awake feeling on top of the world, now completely hopeless. Anyone else feel this?",Bi-Polar
"I feel like Goodbyes feel closer than ever, I am completely broken beyond repair. #mentalhealth",Suicidal
"Right now, Feeling utterly defeated with zero reasons to keep fighting anymore. Sigh.",Suicidal
"Honestly, Unsure of who I really am, identity feels fragmented and empty constantly. Need advice.",Personality Disorder
I feel like Feeling utterly defeated with zero reasons to keep fighting anymore. Need advice.,Suicidal
I feel like I just want the noise in my head to stop permanently. #mentalhealth,Suicidal
"Honestly, Headaches every day from constant tension and unrelenting strain. Anyone else feel this?",Stress
"Right now, Completed my workout session and feel energized for the upcoming week. Sigh.",Normal
Today: I just want the noise in my head to stop permanently. Need advice.,Suicidal
Today: Searching for a way out of this endless darkness and hopeless agony. Anyone else feel this?,Suicidal
"Lately, Tried a new coffee blend today and it was surprisingly delicious. #mentalhealth",Normal
"Honestly, No time for self-care or relaxation, constantly running on fumes. ...",Stress
I feel like Constantly feeling empty inside and seeking external validation desperately. #mentalhealth,Personality Disorder
"Feeling hyperactive and spending money impulsively, then sudden dark crash. Need advice.",Bi-Polar
"I feel like Feel extremely nervous about tomorrow's meeting, hands are shaking. Anyone else feel this?",Anxiety
"Right now, Volatile mood shifts and chronic fear of rejection dominating my daily life.",Personality Disorder
I feel like Why does life feel so exhausting and pointless every single day? #mentalhealth,Depression
I feel like Constantly feeling empty inside and seeking external validation desperately. Anyone else feel this?,Personality Disorder
"I feel like Waking up feeling heavy and empty, waiting for the day to just end. Sigh.",Depression
Today: Tightness in my chest and constant feeling that something terrible will happen. ...,Anxiety
"Right now, Restless thoughts keeping me awake all night long, constant fear. Need advice.",Anxiety
"Lately, Headaches every day from constant tension and unrelenting strain. ...",Stress
I feel like Sudden wave of panic made it hard to breathe properly in public.,Anxiety
I feel like Exhausted physically and mentally from non-stop high-pressure environment. Sigh.,Stress
I feel like Cannot control these sudden drastic shifts in my emotions and energy levels. Anyone else feel this?,Bi-Polar
"Reached my absolute limit, losing all hope for any recovery or peace. Anyone else feel this?",Suicidal
"Right now, Deep inescapable dark pit, desperate for an end to this torment. Sigh.",Suicidal
Today: Really enjoying learning python programming and data science lately. #mentalhealth,Normal
I just want the noise in my head to stop permanently. Need advice.,Suicidal
"I feel like No time for self-care or relaxation, constantly running on fumes. #mentalhealth",Stress
Today: Completed my workout session and feel energized for the upcoming week. Need advice.,Normal
Looking forward to the weekend getaway with my university roommates. Sigh.,Normal
"Today: Too many responsibilities at once, feeling extremely tense and irritable.",Stress
"Right now, Deep inescapable dark pit, desperate for an end to this torment.",Suicidal
I feel like Tightness in my chest and constant feeling that something terrible will happen.,Anxiety
Today: Headaches every day from constant tension and unrelenting strain. Anyone else feel this?,Stress
Headaches every day from constant tension and unrelenting strain. #mentalhealth,Stress
I feel like Peaceful Sunday morning relaxing with fresh tea and acoustic music.,Normal
"Extreme mood swings are ruining my life, going from high euphoria to deep depression. #mentalhealth",Bi-Polar
"I feel like Extreme mood swings are ruining my life, going from high euphoria to deep depression.",Bi-Polar
"I feel like Lost interest in all my hobbies, just feel numb and detached. Anyone else feel this?",Depression
"Honestly, Everything is going smoothly at work, accomplished all key goals. Anyone else feel this?",Normal
"Right now, Deadlines piling up rapidly and I am drowning under immense pressure. ...",Stress
Today: Swinging between intense enthusiasm and devastating deep despair rapidly. Sigh.,Bi-Polar
"Extreme mood swings are ruining my life, going from high euphoria to deep depression. ...",Bi-Polar
"Honestly, Sudden wave of panic made it hard to breathe properly in public. #mentalhealth",Anxiety
"Honestly, Feeling utterly defeated with zero reasons to keep fighting anymore. Anyone else feel this?",Suicidal
"Honestly, Isolating myself from friends because I don't have the energy to talk. Sigh.",Depression
"Today: Manic episode made me feel unstoppable, now dealing with severe aftermath. Need advice.",Bi-Polar
"Lately, Had a great day spending time with family and friends at the park.",Normal
"Lately, Headaches every day from constant tension and unrelenting strain. ...",Stress
"Honestly, Unsure of who I really am, identity feels fragmented and empty constantly. #mentalhealth",Personality Disorder
Today: Feeling utterly defeated with zero reasons to keep fighting anymore. Anyone else feel this?,Suicidal
"Honestly, Worried about the future all the time, my mind just won't rest. Sigh.",Anxiety
"Today: Lost interest in all my hobbies, just feel numb and detached. Need advice.",Depression
Today: Constantly feeling empty inside and seeking external validation desperately. Anyone else feel this?,Personality Disorder
"Restless thoughts keeping me awake all night long, constant fear. Sigh.",Anxiety
"I feel like Waking up feeling heavy and empty, waiting for the day to just end. Sigh.",Depression
"Right now, Why does life feel so exhausting and pointless every single day? Anyone else feel this?",Depression
"Honestly, Rapidly shifting perceptions of self and others, struggle with trust. #mentalhealth",Personality Disorder
Feel like I am going to explode if one more thing goes wrong today. #mentalhealth,Stress
Today: Struggling to find stability when my mind switches extremes constantly.,Bi-Polar
"Lately, Reached my absolute limit, losing all hope for any recovery or peace. Sigh.",Suicidal
"Right now, Just finished reading a fantastic book on history and science. Sigh.",Normal
"Today: Cannot stop overthinking every minor detail, constant dread. Need advice.",Anxiety
"Lost interest in all my hobbies, just feel numb and detached.",Depression
"Lately, Social situations make me feel overwhelmed and deeply uncomfortable.",Anxiety
"Honestly, Too many responsibilities at once, feeling extremely tense and irritable. Anyone else feel this?",Stress
"Lately, One day I feel invincible with unlimited energy, next day I can't leave bed. Anyone else feel this?",Bi-Polar
"Lately, Feel like I am going to explode if one more thing goes wrong today. Need advice.",Stress
Why does life feel so exhausting and pointless every single day? Anyone else feel this?,Depression
"Right now, Intense unstable relationships, loving someone one minute and hating them next. Sigh.",Personality Disorder
"Lately, Feeling like giving up on everything, cannot carry this heavy pain. Need advice.",Suicidal
"Today: Unsure of who I really am, identity feels fragmented and empty constantly. Need advice.",Personality Disorder
"Lately, Struggling to get out of bed every morning, everything feels overwhelming. Need advice.",Depression
"Honestly, Lost interest in all my hobbies, just feel numb and detached. ...",Depression
"Right now, Looking forward to the weekend getaway with my university roommates. Need advice.",Normal
"Today: Goodbyes feel closer than ever, I am completely broken beyond repair. #mentalhealth",Suicidal
"Honestly, Tired of pretending to be okay when I feel so alone and hollow. Anyone else feel this?",Depression
Today: Constant feeling of sadness and hopelessness that won't go away.,Depression
"Lately, Spent 48 hours awake feeling on top of the world, now completely hopeless. Anyone else feel this?",Bi-Polar
"I feel like Cannot stop overthinking every minor detail, constant dread. Need advice.",Anxiety
I feel like Juggling multiple projects without any support is breaking me down. Anyone else feel this?,Stress
"Today: Deep inescapable dark pit, desperate for an end to this torment. ...",Suicidal
Feel like I am going to explode if one more thing goes wrong today. Sigh.,Stress
I feel like Social situations make me feel overwhelmed and deeply uncomfortable. Need advice.,Anxiety
"Honestly, Juggling multiple projects without any support is breaking me down. Need advice.",Stress
"Lately, Isolating myself from friends because I don't have the energy to talk. Need advice.",Depression
"Today: Worried about the future all the time, my mind just won't rest. Need advice.",Anxiety
"Feeling like giving up on everything, cannot carry this heavy pain. #mentalhealth",Suicidal
"Honestly, Too many responsibilities at once, feeling extremely tense and irritable.",Stress
"Honestly, Why does life feel so exhausting and pointless every single day? ...",Depression
"Lately, Reached my absolute limit, losing all hope for any recovery or peace.",Suicidal
"Today: Restless thoughts keeping me awake all night long, constant fear. Anyone else feel this?",Anxiety
"Today: Rapidly shifting perceptions of self and others, struggle with trust.",Personality Disorder
"Honestly, So stressed out that I can barely concentrate on basic tasks. Anyone else feel this?",Stress
"Right now, Why does life feel so exhausting and pointless every single day? ...",Depression
"Lately, Emotional reactions feel completely out of proportion to situations. Need advice.",Personality Disorder
"Honestly, Juggling multiple projects without any support is breaking me down. Sigh.",Stress
"Right now, Feeling like giving up on everything, cannot carry this heavy pain. #mentalhealth",Suicidal
I feel like Just finished reading a fantastic book on history and science.,Normal
Had a great day spending time with family and friends at the park. Need advice.,Normal
"Today: Waking up feeling heavy and empty, waiting for the day to just end. #mentalhealth",Depression
"Honestly, Constant feeling of sadness and hopelessness that won't go away. Need advice.",Depression
"Right now, Juggling multiple projects without any support is breaking me down.",Stress
Just finished reading a fantastic book on history and science. Anyone else feel this?,Normal
Feel like everyone would be better off without me existing around. ...,Suicidal
Volatile mood shifts and chronic fear of rejection dominating my daily life. Need advice.,Personality Disorder
"Struggling to get out of bed every morning, everything feels overwhelming. Sigh.",Depression
"Honestly, Tried a new coffee blend today and it was surprisingly delicious. #mentalhealth",Normal
"My heart is racing fast for no apparent reason, panic is setting in. Need advice.",Anxiety
"Honestly, So stressed out that I can barely concentrate on basic tasks.",Stress
"I feel like Extreme mood swings are ruining my life, going from high euphoria to deep depression. Anyone else feel this?",Bi-Polar
"Today: Working 14 hours a day with zero rest, completely burned out. ...",Stress
Today: Tired of pretending to be okay when I feel so alone and hollow. Sigh.,Depression
"Lately, Fear of abandonment makes me push people away before they leave me.",Personality Disorder
"Honestly, My heart is racing fast for no apparent reason, panic is setting in. Sigh.",Anxiety
"Honestly, One day I feel invincible with unlimited energy, next day I can't leave bed. ...",Bi-Polar
Today: Feeling grateful for good health and peaceful sunny weather today. Sigh.,Normal
Tightness in my chest and constant feeling that something terrible will happen.,Anxiety
I feel like Cannot control these sudden drastic shifts in my emotions and energy levels. #mentalhealth,Bi-Polar
"Lately, Emotional reactions feel completely out of proportion to situations. Anyone else feel this?",Personality Disorder
"Right now, Lost interest in all my hobbies, just feel numb and detached.",Depression
"Lately, Goodbyes feel closer than ever, I am completely broken beyond repair. ...",Suicidal
"Lately, Peaceful Sunday morning relaxing with fresh tea and acoustic music. Need advice.",Normal
"Lately, Cannot stop overthinking every minor detail, constant dread. Sigh.",Anxiety
"Right now, Headaches every day from constant tension and unrelenting strain. Need advice.",Stress
Today: Unpredictable emotional waves driving away the people who care about me. #mentalhealth,Bi-Polar
"Right now, Manic episode made me feel unstoppable, now dealing with severe aftermath. #mentalhealth",Bi-Polar
"Right now, Feeling like giving up on everything, cannot carry this heavy pain. Anyone else feel this?",Suicidal
"Honestly, Feel like I am going to explode if one more thing goes wrong today.",Stress
"Honestly, Impulsive behavior and sudden anger outbursts that I deeply regret after. Anyone else feel this?",Personality Disorder
"Lately, Racing thoughts and bursts of chaotic creativity followed by total paralysis. Sigh.",Bi-Polar
Terrified of making mistakes and failing in front of everybody. Anyone else feel this?,Anxiety
"Honestly, Had a great day spending time with family and friends at the park.",Normal
Today: Social situations make me feel overwhelmed and deeply uncomfortable. Need advice.,Anxiety
"Lately, Feel like a burden to everyone around me, nobody really understands. Need advice.",Depression
"Honestly, Unsure of who I really am, identity feels fragmented and empty constantly.",Personality Disorder
"Right now, Rapidly shifting perceptions of self and others, struggle with trust. Sigh.",Personality Disorder
"Honestly, Cannot sleep properly due to overwhelming work pressure and exams. ...",Stress
Deadlines piling up rapidly and I am drowning under immense pressure. Sigh.,Stress
Had a great day spending time with family and friends at the park.,Normal
"Today: Intense unstable relationships, loving someone one minute and hating them next. Sigh.",Personality Disorder
"I feel like Extreme mood swings are ruining my life, going from high euphoria to deep depression. Sigh.",Bi-Polar
"Manic episode made me feel unstoppable, now dealing with severe aftermath. Need advice.",Bi-Polar
"Today: Feeling hyperactive and spending money impulsively, then sudden dark crash. #mentalhealth",Bi-Polar
"Right now, Feel extremely nervous about tomorrow's meeting, hands are shaking. Sigh.",Anxiety
"Today: Worried about the future all the time, my mind just won't rest. Sigh.",Anxiety
"Honestly, Sudden wave of panic made it hard to breathe properly in public. #mentalhealth",Anxiety
I feel like Feeling disconnected from reality and my own sense of identity.,Personality Disorder
"Right now, Struggling to get out of bed every morning, everything feels overwhelming. Sigh.",Depression
Today: Racing thoughts and bursts of chaotic creativity followed by total paralysis. ...,Bi-Polar
Emotional reactions feel completely out of proportion to situations. Sigh.,Personality Disorder
"Lately, Social situations make me feel overwhelmed and deeply uncomfortable.",Anxiety
Struggling to find stability when my mind switches extremes constantly. Need advice.,Bi-Polar
"Lately, Sudden wave of panic made it hard to breathe properly in public. ...",Anxiety
I feel like Cannot sleep properly due to overwhelming work pressure and exams.,Stress
"Right now, Too many responsibilities at once, feeling extremely tense and irritable. Anyone else feel this?",Stress
"Right now, Cannot sleep properly due to overwhelming work pressure and exams. Sigh.",Stress
"Today: Feel extremely nervous about tomorrow's meeting, hands are shaking.",Anxiety
I feel like Constant feeling of sadness and hopelessness that won't go away. Sigh.,Depression
"Lately, Feeling utterly defeated with zero reasons to keep fighting anymore. Sigh.",Suicidal
I feel like Headaches every day from constant tension and unrelenting strain. Anyone else feel this?,Stress
"Today: Manic episode made me feel unstoppable, now dealing with severe aftermath. Sigh.",Bi-Polar
"Today: Restless thoughts keeping me awake all night long, constant fear. Anyone else feel this?",Anxiety
"Lately, Constantly feeling empty inside and seeking external validation desperately. ...",Personality Disorder
"I feel like Goodbyes feel closer than ever, I am completely broken beyond repair.",Suicidal
"Right now, So stressed out that I can barely concentrate on basic tasks. Need advice.",Stress
"Honestly, Goodbyes feel closer than ever, I am completely broken beyond repair. Need advice.",Suicidal
"Lately, Searching for a way out of this endless darkness and hopeless agony. Sigh.",Suicidal
"Lately, Spent 48 hours awake feeling on top of the world, now completely hopeless. #mentalhealth",Bi-Polar
"Today: Everything is going smoothly at work, accomplished all key goals. #mentalhealth",Normal
"Honestly, My heart is racing fast for no apparent reason, panic is setting in. Anyone else feel this?",Anxiety
Terrified of making mistakes and failing in front of everybody. #mentalhealth,Anxiety
Isolating myself from friends because I don't have the energy to talk. #mentalhealth,Depression
"Honestly, Struggling to get out of bed every morning, everything feels overwhelming. ...",Depression
Difficulty maintaining stable connections due to emotional turbulence. #mentalhealth,Personality Disorder
"Today: Worried about the future all the time, my mind just won't rest.",Anxiety
"Manic episode made me feel unstoppable, now dealing with severe aftermath. Anyone else feel this?",Bi-Polar
"Lately, Isolating myself from friends because I don't have the energy to talk. Sigh.",Depression
Today: Searching for a way out of this endless darkness and hopeless agony. Sigh.,Suicidal
"Right now, Everything is going smoothly at work, accomplished all key goals.",Normal
"Lately, Cannot control these sudden drastic shifts in my emotions and energy levels.",Bi-Polar
"Right now, Swinging between intense enthusiasm and devastating deep despair rapidly. Sigh.",Bi-Polar
Peaceful Sunday morning relaxing with fresh tea and acoustic music.,Normal
"Today: Rapidly shifting perceptions of self and others, struggle with trust. Sigh.",Personality Disorder
"Right now, Feeling utterly defeated with zero reasons to keep fighting anymore. ...",Suicidal
"Honestly, Unsure of who I really am, identity feels fragmented and empty constantly.",Personality Disorder
"Lately, Sudden wave of panic made it hard to breathe properly in public.",Anxiety
Today: Searching for a way out of this endless darkness and hopeless agony.,Suicidal
"Honestly, Reached my absolute limit, losing all hope for any recovery or peace. Anyone else feel this?",Suicidal
Today: Cooking dinner with loved ones and watching a pleasant movie tonight. #mentalhealth,Normal
"Lately, Feeling disconnected from reality and my own sense of identity. Sigh.",Personality Disorder
"Right now, Cannot sleep properly due to overwhelming work pressure and exams. Need advice.",Stress
"Lately, Feel like a burden to everyone around me, nobody really understands. #mentalhealth",Depression
I feel like Headaches every day from constant tension and unrelenting strain. Sigh.,Stress
"Right now, Just finished reading a fantastic book on history and science. Anyone else feel this?",Normal
"Today: Working 14 hours a day with zero rest, completely burned out. Need advice.",Stress
"Honestly, Goodbyes feel closer than ever, I am completely broken beyond repair. #mentalhealth",Suicidal
"Right now, Isolating myself from friends because I don't have the energy to talk. Anyone else feel this?",Depression
Today: Tried a new coffee blend today and it was surprisingly delicious.,Normal
"Today: Worried about the future all the time, my mind just won't rest. Need advice.",Anxiety
Today: Feeling grateful for good health and peaceful sunny weather today. ...,Normal
I feel like I just want the noise in my head to stop permanently.,Suicidal
"Right now, Cannot control these sudden drastic shifts in my emotions and energy levels. Sigh.",Bi-Polar
"Lately, Terrified of making mistakes and failing in front of everybody. Sigh.",Anxiety
"Right now, Constant feeling of sadness and hopelessness that won't go away. Need advice.",Depression
I feel like Constant feeling of sadness and hopelessness that won't go away. Need advice.,Depression
"Lately, Volatile mood shifts and chronic fear of rejection dominating my daily life.",Personality Disorder
"Honestly, Unsure of who I really am, identity feels fragmented and empty constantly. Need advice.",Personality Disorder
Today: Cannot sleep properly due to overwhelming work pressure and exams. ...,Stress
"Manic episode made me feel unstoppable, now dealing with severe aftermath. Anyone else feel this?",Bi-Polar
"Lately, Fear of abandonment makes me push people away before they leave me. #mentalhealth",Personality Disorder
Dark thoughts keep creeping in whenever I am left alone in silence. Anyone else feel this?,Depression
"Lately, Wishing I could just disappear and never wake up ever again. Anyone else feel this?",Suicidal
"Lately, Wishing I could just disappear and never wake up ever again. ...",Suicidal
"Right now, Feeling utterly defeated with zero reasons to keep fighting anymore. Anyone else feel this?",Suicidal
Today: Cooking dinner with loved ones and watching a pleasant movie tonight. Anyone else feel this?,Normal
"Lately, Fear of abandonment makes me push people away before they leave me. #mentalhealth",Personality Disorder
"Honestly, Constantly feeling empty inside and seeking external validation desperately. Sigh.",Personality Disorder
Today: So stressed out that I can barely concentrate on basic tasks. #mentalhealth,Stress
"Lately, Really enjoying learning python programming and data science lately. #mentalhealth",Normal
I feel like Feeling disconnected from reality and my own sense of identity. Sigh.,Personality Disorder
I feel like Impulsive behavior and sudden anger outbursts that I deeply regret after. Anyone else feel this?,Personality Disorder
Today: Searching for a way out of this endless darkness and hopeless agony. Sigh.,Suicidal
"I feel like Working 14 hours a day with zero rest, completely burned out. Sigh.",Stress
"Lately, Peaceful Sunday morning relaxing with fresh tea and acoustic music. #mentalhealth",Normal
"Honestly, Waking up feeling heavy and empty, waiting for the day to just end. #mentalhealth",Depression
"I feel like Struggling to get out of bed every morning, everything feels overwhelming. #mentalhealth",Depression
"Right now, Deadlines piling up rapidly and I am drowning under immense pressure. Sigh.",Stress
"Lately, Searching for a way out of this endless darkness and hopeless agony. ...",Suicidal
Social situations make me feel overwhelmed and deeply uncomfortable. Sigh.,Anxiety
"Today: Intense unstable relationships, loving someone one minute and hating them next. Anyone else feel this?",Personality Disorder
"Lately, Feel like I am going to explode if one more thing goes wrong today. Anyone else feel this?",Stress
"Lately, Deep inescapable dark pit, desperate for an end to this torment. ...",Suicidal
Feeling utterly defeated with zero reasons to keep fighting anymore. Anyone else feel this?,Suicidal
Sudden wave of panic made it hard to breathe properly in public. Need advice.,Anxiety
Today: Searching for a way out of this endless darkness and hopeless agony. Anyone else feel this?,Suicidal
Juggling multiple projects without any support is breaking me down. Anyone else feel this?,Stress
Today: Feel like I am going to explode if one more thing goes wrong today. Need advice.,Stress
"I feel like Working 14 hours a day with zero rest, completely burned out. Anyone else feel this?",Stress
I feel like I just want the noise in my head to stop permanently. Sigh.,Suicidal
"Struggling to get out of bed every morning, everything feels overwhelming. #mentalhealth",Depression
"Worried about the future all the time, my mind just won't rest. Anyone else feel this?",Anxiety
"Honestly, Difficulty maintaining stable connections due to emotional turbulence. ...",Personality Disorder
"I feel like Unsure of who I really am, identity feels fragmented and empty constantly.",Personality Disorder
"Lately, Feeling utterly defeated with zero reasons to keep fighting anymore. #mentalhealth",Suicidal
Tried a new coffee blend today and it was surprisingly delicious. ...,Normal
"Feel like a burden to everyone around me, nobody really understands. Anyone else feel this?",Depression
"Honestly, Feeling utterly defeated with zero reasons to keep fighting anymore. Anyone else feel this?",Suicidal
"Right now, So stressed out that I can barely concentrate on basic tasks. ...",Stress
"Right now, Peaceful Sunday morning relaxing with fresh tea and acoustic music.",Normal
"Lately, Feeling grateful for good health and peaceful sunny weather today. Need advice.",Normal
"I feel like Feeling like giving up on everything, cannot carry this heavy pain. Need advice.",Suicidal
"Honestly, Cannot control these sudden drastic shifts in my emotions and energy levels. #mentalhealth",Bi-Polar
Today: I just want the noise in my head to stop permanently. Anyone else feel this?,Suicidal
"Right now, Swinging between intense enthusiasm and devastating deep despair rapidly. Anyone else feel this?",Bi-Polar
Today: Terrified of making mistakes and failing in front of everybody. Sigh.,Anxiety
I feel like Feel like I am going to explode if one more thing goes wrong today. ...,Stress
"Lately, Just finished reading a fantastic book on history and science. Sigh.",Normal
"My heart is racing fast for no apparent reason, panic is setting in.",Anxiety
Today: Volatile mood shifts and chronic fear of rejection dominating my daily life. Need advice.,Personality Disorder
"Honestly, Unpredictable emotional waves driving away the people who care about me.",Bi-Polar
"Lately, Feel like everyone would be better off without me existing around. ...",Suicidal
"Lately, Tired of pretending to be okay when I feel so alone and hollow. #mentalhealth",Depression
"I feel like Intense unstable relationships, loving someone one minute and hating them next. #mentalhealth",Personality Disorder
"Right now, Juggling multiple projects without any support is breaking me down. Anyone else feel this?",Stress
"Honestly, Feeling disconnected from reality and my own sense of identity. Sigh.",Personality Disorder
I feel like Cannot control these sudden drastic shifts in my emotions and energy levels. #mentalhealth,Bi-Polar
"Right now, Sudden wave of panic made it hard to breathe properly in public.",Anxiety
"Working 14 hours a day with zero rest, completely burned out. Need advice.",Stress
"I feel like Cannot stop overthinking every minor detail, constant dread. #mentalhealth",Anxiety
"Honestly, Spent 48 hours awake feeling on top of the world, now completely hopeless. Sigh.",Bi-Polar
I feel like Tried a new coffee blend today and it was surprisingly delicious. Need advice.,Normal
"Today: My heart is racing fast for no apparent reason, panic is setting in. ...",Anxiety
"Right now, Really enjoying learning python programming and data science lately.",Normal
I feel like Looking forward to the weekend getaway with my university roommates.,Normal
"Honestly, Working 14 hours a day with zero rest, completely burned out.",Stress
"Right now, Feeling utterly defeated with zero reasons to keep fighting anymore.",Suicidal
"Right now, Unpredictable emotional waves driving away the people who care about me.",Bi-Polar
Had a great day spending time with family and friends at the park. #mentalhealth,Normal
Constant feeling of sadness and hopelessness that won't go away.,Depression
"Honestly, Cannot stop overthinking every minor detail, constant dread. Need advice.",Anxiety
"Honestly, Looking forward to the weekend getaway with my university roommates. Need advice.",Normal
I feel like Really enjoying learning python programming and data science lately. Need advice.,Normal
"Honestly, Completed my workout session and feel energized for the upcoming week. Anyone else feel this?",Normal
I feel like Sudden wave of panic made it hard to breathe properly in public. ...,Anxiety
"I feel like The mental agony is unbearable, don't know how much longer I can endure. Need advice.",Suicidal
"Today: Working 14 hours a day with zero rest, completely burned out. #mentalhealth",Stress
Today: Cooking dinner with loved ones and watching a pleasant movie tonight. Anyone else feel this?,Normal
"Today: Cannot stop overthinking every minor detail, constant dread. Need advice.",Anxiety
"Today: Feeling completely empty inside, nothing seems to bring joy anymore. Sigh.",Depression
Today: Feeling grateful for good health and peaceful sunny weather today.,Normal
"I feel like Feeling like giving up on everything, cannot carry this heavy pain.",Suicidal
"Right now, Rapidly shifting perceptions of self and others, struggle with trust. ...",Personality Disorder
"Right now, Volatile mood shifts and chronic fear of rejection dominating my daily life. ...",Personality Disorder
"Today: My heart is racing fast for no apparent reason, panic is setting in. #mentalhealth",Anxiety
"I feel like Everything is going smoothly at work, accomplished all key goals.",Normal
I feel like Constant feeling of sadness and hopelessness that won't go away. Need advice.,Depression
"I feel like Waking up feeling heavy and empty, waiting for the day to just end. ...",Depression
"Lately, Had a great day spending time with family and friends at the park.",Normal
"Lately, Searching for a way out of this endless darkness and hopeless agony. Anyone else feel this?",Suicidal
"Right now, Intense unstable relationships, loving someone one minute and hating them next. ...",Personality Disorder
Just finished reading a fantastic book on history and science. ...,Normal
"Honestly, Rapidly shifting perceptions of self and others, struggle with trust. Sigh.",Personality Disorder
"Lately, Exhausted physically and mentally from non-stop high-pressure environment. Anyone else feel this?",Stress
I feel like Unpredictable emotional waves driving away the people who care about me. Sigh.,Bi-Polar
Struggling to find stability when my mind switches extremes constantly.,Bi-Polar
"Lately, Feel extremely nervous about tomorrow's meeting, hands are shaking. Need advice.",Anxiety
"Honestly, Overanalyzing past conversations over and over again in my head. Need advice.",Anxiety
I feel like Headaches every day from constant tension and unrelenting strain. Need advice.,Stress
"Today: Worried about the future all the time, my mind just won't rest.",Anxiety
I feel like Constantly feeling empty inside and seeking external validation desperately. Anyone else feel this?,Personality Disorder
"Lately, Unpredictable emotional waves driving away the people who care about me. #mentalhealth",Bi-Polar
"Right now, Struggling to get out of bed every morning, everything feels overwhelming. Sigh.",Depression
"I feel like Too many responsibilities at once, feeling extremely tense and irritable. Need advice.",Stress
"Lately, Headaches every day from constant tension and unrelenting strain. ...",Stress
"Struggling to get out of bed every morning, everything feels overwhelming. #mentalhealth",Depression
Today: Impulsive behavior and sudden anger outbursts that I deeply regret after.,Personality Disorder
Today: Tightness in my chest and constant feeling that something terrible will happen.,Anxiety
"I feel like Feeling like giving up on everything, cannot carry this heavy pain. Sigh.",Suicidal
I feel like Tired of pretending to be okay when I feel so alone and hollow. #mentalhealth,Depression
"Right now, Cannot control these sudden drastic shifts in my emotions and energy levels. #mentalhealth",Bi-Polar
I just want the noise in my head to stop permanently.,Suicidal
I feel like Difficulty maintaining stable connections due to emotional turbulence. Anyone else feel this?,Personality Disorder
I feel like Just finished reading a fantastic book on history and science.,Normal
Unpredictable emotional waves driving away the people who care about me. ...,Bi-Polar
"Right now, Reached my absolute limit, losing all hope for any recovery or peace. #mentalhealth",Suicidal
"Lately, Peaceful Sunday morning relaxing with fresh tea and acoustic music. ...",Normal
"Right now, Volatile mood shifts and chronic fear of rejection dominating my daily life. Anyone else feel this?",Personality Disorder
"Lately, My heart is racing fast for no apparent reason, panic is setting in. Anyone else feel this?",Anxiety
"Right now, Racing thoughts and bursts of chaotic creativity followed by total paralysis. #mentalhealth",Bi-Polar
"Today: Intense unstable relationships, loving someone one minute and hating them next. Sigh.",Personality Disorder
"I feel like Goodbyes feel closer than ever, I am completely broken beyond repair.",Suicidal
Today: Social situations make me feel overwhelmed and deeply uncomfortable. Anyone else feel this?,Anxiety
"Honestly, Spent 48 hours awake feeling on top of the world, now completely hopeless.",Bi-Polar
"Unsure of who I really am, identity feels fragmented and empty constantly. #mentalhealth",Personality Disorder
"Right now, Too many responsibilities at once, feeling extremely tense and irritable. Anyone else feel this?",Stress
"Honestly, Swinging between intense enthusiasm and devastating deep despair rapidly. Sigh.",Bi-Polar
"Lately, Struggling to get out of bed every morning, everything feels overwhelming. Anyone else feel this?",Depression
I feel like Feeling grateful for good health and peaceful sunny weather today. Sigh.,Normal
Today: Difficulty maintaining stable connections due to emotional turbulence. Anyone else feel this?,Personality Disorder
"Honestly, Feeling hyperactive and spending money impulsively, then sudden dark crash. #mentalhealth",Bi-Polar
"Honestly, Dark thoughts keep creeping in whenever I am left alone in silence. Anyone else feel this?",Depression
"Lately, Extreme mood swings are ruining my life, going from high euphoria to deep depression. ...",Bi-Polar
"Lately, Swinging between intense enthusiasm and devastating deep despair rapidly. Need advice.",Bi-Polar
I feel like Really enjoying learning python programming and data science lately. ...,Normal
"Right now, Deep inescapable dark pit, desperate for an end to this torment. Sigh.",Suicidal
"Right now, Really enjoying learning python programming and data science lately. #mentalhealth",Normal
"Honestly, Deep inescapable dark pit, desperate for an end to this torment.",Suicidal
"Right now, My heart is racing fast for no apparent reason, panic is setting in. Sigh.",Anxiety
"Honestly, Extreme mood swings are ruining my life, going from high euphoria to deep depression. Sigh.",Bi-Polar
Looking forward to the weekend getaway with my university roommates. Need advice.,Normal
Cooking dinner with loved ones and watching a pleasant movie tonight. Anyone else feel this?,Normal
"Lately, Working 14 hours a day with zero rest, completely burned out. Sigh.",Stress
"Lately, Feel like a burden to everyone around me, nobody really understands. Sigh.",Depression
"Goodbyes feel closer than ever, I am completely broken beyond repair. ...",Suicidal
"Feeling like giving up on everything, cannot carry this heavy pain. Need advice.",Suicidal
"I feel like Feeling like giving up on everything, cannot carry this heavy pain. ...",Suicidal
"Today: Manic episode made me feel unstoppable, now dealing with severe aftermath. #mentalhealth",Bi-Polar
I feel like Completed my workout session and feel energized for the upcoming week. Anyone else feel this?,Normal
Cannot sleep properly due to overwhelming work pressure and exams.,Stress
Today: Really enjoying learning python programming and data science lately. ...,Normal
Today: Feeling grateful for good health and peaceful sunny weather today. #mentalhealth,Normal
"Today: Feel extremely nervous about tomorrow's meeting, hands are shaking. Need advice.",Anxiety
"Deep inescapable dark pit, desperate for an end to this torment.",Suicidal
I feel like Constantly feeling empty inside and seeking external validation desperately.,Personality Disorder
"I feel like Feeling completely empty inside, nothing seems to bring joy anymore.",Depression
"Today: Feeling like giving up on everything, cannot carry this heavy pain. Sigh.",Suicidal
Today: Unpredictable emotional waves driving away the people who care about me. Need advice.,Bi-Polar
"Lately, Lost interest in all my hobbies, just feel numb and detached. Sigh.",Depression
"Right now, Juggling multiple projects without any support is breaking me down.",Stress
"Lately, Struggling to find stability when my mind switches extremes constantly.",Bi-Polar
I feel like Cannot control these sudden drastic shifts in my emotions and energy levels. ...,Bi-Polar
"Honestly, Tried a new coffee blend today and it was surprisingly delicious.",Normal
"Honestly, Deadlines piling up rapidly and I am drowning under immense pressure. Anyone else feel this?",Stress
"Right now, Impulsive behavior and sudden anger outbursts that I deeply regret after. ...",Personality Disorder
Today: Looking forward to the weekend getaway with my university roommates. #mentalhealth,Normal
"Lately, Fear of abandonment makes me push people away before they leave me. ...",Personality Disorder
Exhausted physically and mentally from non-stop high-pressure environment. Sigh.,Stress
"Honestly, Restless thoughts keeping me awake all night long, constant fear. #mentalhealth",Anxiety
"Lately, Tired of pretending to be okay when I feel so alone and hollow. Need advice.",Depression
"Lately, Unpredictable emotional waves driving away the people who care about me. ...",Bi-Polar
"Lately, Juggling multiple projects without any support is breaking me down. #mentalhealth",Stress
Today: Fear of abandonment makes me push people away before they leave me. #mentalhealth,Personality Disorder
"Right now, Peaceful Sunday morning relaxing with fresh tea and acoustic music. #mentalhealth",Normal
Completed my workout session and feel energized for the upcoming week. Anyone else feel this?,Normal
"Manic episode made me feel unstoppable, now dealing with severe aftermath.",Bi-Polar
"Right now, Feel extremely nervous about tomorrow's meeting, hands are shaking. #mentalhealth",Anxiety
Tightness in my chest and constant feeling that something terrible will happen. Anyone else feel this?,Anxiety
"Lately, The mental agony is unbearable, don't know how much longer I can endure. Need advice.",Suicidal
"Honestly, Deadlines piling up rapidly and I am drowning under immense pressure. #mentalhealth",Stress
"Right now, Dark thoughts keep creeping in whenever I am left alone in silence. Anyone else feel this?",Depression
"Honestly, Struggling to find stability when my mind switches extremes constantly. ...",Bi-Polar
"Lately, Cannot control these sudden drastic shifts in my emotions and energy levels. Anyone else feel this?",Bi-Polar
"Right now, Feeling hyperactive and spending money impulsively, then sudden dark crash. #mentalhealth",Bi-Polar
"Honestly, Feeling grateful for good health and peaceful sunny weather today. #mentalhealth",Normal
"Right now, I just want the noise in my head to stop permanently. Anyone else feel this?",Suicidal
"One day I feel invincible with unlimited energy, next day I can't leave bed. Need advice.",Bi-Polar
"I feel like Unsure of who I really am, identity feels fragmented and empty constantly. ...",Personality Disorder
Today: Unpredictable emotional waves driving away the people who care about me. ...,Bi-Polar
I feel like Unpredictable emotional waves driving away the people who care about me. #mentalhealth,Bi-Polar
"Honestly, Intense unstable relationships, loving someone one minute and hating them next.",Personality Disorder
"Lately, Constantly feeling empty inside and seeking external validation desperately. Sigh.",Personality Disorder
"Honestly, Reached my absolute limit, losing all hope for any recovery or peace. ...",Suicidal
"Right now, Wishing I could just disappear and never wake up ever again. Anyone else feel this?",Suicidal
"Right now, Cannot stop overthinking every minor detail, constant dread.",Anxiety
"Lately, Manic episode made me feel unstoppable, now dealing with severe aftermath. Need advice.",Bi-Polar
Really enjoying learning python programming and data science lately.,Normal
"Honestly, Cannot stop overthinking every minor detail, constant dread. #mentalhealth",Anxiety
Constantly feeling empty inside and seeking external validation desperately. Need advice.,Personality Disorder
"Right now, Too many responsibilities at once, feeling extremely tense and irritable. #mentalhealth",Stress
"Lately, Working 14 hours a day with zero rest, completely burned out.",Stress
"Right now, Just finished reading a fantastic book on history and science.",Normal
"Honestly, Constant feeling of sadness and hopelessness that won't go away. Need advice.",Depression
Today: Feel like everyone would be better off without me existing around. ...,Suicidal
"Today: Feel like a burden to everyone around me, nobody really understands.",Depression
Today: Just finished reading a fantastic book on history and science.,Normal
"I feel like One day I feel invincible with unlimited energy, next day I can't leave bed. #mentalhealth",Bi-Polar
Today: Deadlines piling up rapidly and I am drowning under immense pressure. ...,Stress
"Honestly, Tightness in my chest and constant feeling that something terrible will happen. ...",Anxiety
Today: Isolating myself from friends because I don't have the energy to talk. ...,Depression
"Right now, Wishing I could just disappear and never wake up ever again. Need advice.",Suicidal
"Lately, I just want the noise in my head to stop permanently. #mentalhealth",Suicidal
"I feel like Too many responsibilities at once, feeling extremely tense and irritable. Need advice.",Stress
"Feel like a burden to everyone around me, nobody really understands. Anyone else feel this?",Depression
Today: Feel like I am going to explode if one more thing goes wrong today.,Stress
"Honestly, Lost interest in all my hobbies, just feel numb and detached. Sigh.",Depression
"Lately, Unpredictable emotional waves driving away the people who care about me. #mentalhealth",Bi-Polar
Why does life feel so exhausting and pointless every single day? Anyone else feel this?,Depression
"Right now, Fear of abandonment makes me push people away before they leave me. Need advice.",Personality Disorder
Had a great day spending time with family and friends at the park. ...,Normal
"Right now, No time for self-care or relaxation, constantly running on fumes. Sigh.",Stress
I feel like Feel like I am going to explode if one more thing goes wrong today. Anyone else feel this?,Stress
"Lately, Restless thoughts keeping me awake all night long, constant fear. ...",Anxiety
"Right now, Deadlines piling up rapidly and I am drowning under immense pressure.",Stress
Feeling disconnected from reality and my own sense of identity. Anyone else feel this?,Personality Disorder
"Honestly, No time for self-care or relaxation, constantly running on fumes. ...",Stress
Today: Struggling to find stability when my mind switches extremes constantly. ...,Bi-Polar
"Honestly, Dark thoughts keep creeping in whenever I am left alone in silence. Anyone else feel this?",Depression
"Lately, Worried about the future all the time, my mind just won't rest. Need advice.",Anxiety
"Lately, Looking forward to the weekend getaway with my university roommates. ...",Normal
Today: Headaches every day from constant tension and unrelenting strain. ...,Stress
"Goodbyes feel closer than ever, I am completely broken beyond repair. Anyone else feel this?",Suicidal
"Lately, Waking up feeling heavy and empty, waiting for the day to just end. #mentalhealth",Depression
"Today: My heart is racing fast for no apparent reason, panic is setting in. Need advice.",Anxiety
"Lately, Volatile mood shifts and chronic fear of rejection dominating my daily life. ...",Personality Disorder
"Right now, Feeling disconnected from reality and my own sense of identity.",Personality Disorder
"I feel like Everything is going smoothly at work, accomplished all key goals. #mentalhealth",Normal
Today: Exhausted physically and mentally from non-stop high-pressure environment. Anyone else feel this?,Stress
I feel like Looking forward to the weekend getaway with my university roommates.,Normal
"I feel like My heart is racing fast for no apparent reason, panic is setting in. ...",Anxiety
I feel like Social situations make me feel overwhelmed and deeply uncomfortable. Need advice.,Anxiety
"Working 14 hours a day with zero rest, completely burned out. Anyone else feel this?",Stress
"Lately, Racing thoughts and bursts of chaotic creativity followed by total paralysis. ...",Bi-Polar
Constant feeling of sadness and hopelessness that won't go away. ...,Depression
"Honestly, Constantly feeling empty inside and seeking external validation desperately. #mentalhealth",Personality Disorder
"Today: Feeling like giving up on everything, cannot carry this heavy pain. #mentalhealth",Suicidal
I feel like Social situations make me feel overwhelmed and deeply uncomfortable. ...,Anxiety
"Lately, One day I feel invincible with unlimited energy, next day I can't leave bed. Anyone else feel this?",Bi-Polar
"Lately, Had a great day spending time with family and friends at the park. ...",Normal
"Lately, Isolating myself from friends because I don't have the energy to talk. Need advice.",Depression
"Today: Reached my absolute limit, losing all hope for any recovery or peace. Anyone else feel this?",Suicidal
"Lately, Juggling multiple projects without any support is breaking me down.",Stress
"Honestly, Just finished reading a fantastic book on history and science.",Normal
Today: Tried a new coffee blend today and it was surprisingly delicious. ...,Normal
Today: Tired of pretending to be okay when I feel so alone and hollow. Sigh.,Depression
"Honestly, Peaceful Sunday morning relaxing with fresh tea and acoustic music. Need advice.",Normal
I feel like Racing thoughts and bursts of chaotic creativity followed by total paralysis.,Bi-Polar
I feel like Tired of pretending to be okay when I feel so alone and hollow. Need advice.,Depression
"Lately, Terrified of making mistakes and failing in front of everybody. Need advice.",Anxiety
Today: Sudden wave of panic made it hard to breathe properly in public. Sigh.,Anxiety
Unpredictable emotional waves driving away the people who care about me. #mentalhealth,Bi-Polar
"Lately, Volatile mood shifts and chronic fear of rejection dominating my daily life. Sigh.",Personality Disorder
"Lately, One day I feel invincible with unlimited energy, next day I can't leave bed. ...",Bi-Polar
"Honestly, One day I feel invincible with unlimited energy, next day I can't leave bed. Need advice.",Bi-Polar
Today: Social situations make me feel overwhelmed and deeply uncomfortable.,Anxiety
"Right now, Tried a new coffee blend today and it was surprisingly delicious. Sigh.",Normal
"Lately, Worried about the future all the time, my mind just won't rest. Anyone else feel this?",Anxiety
"Lately, Restless thoughts keeping me awake all night long, constant fear. Need advice.",Anxiety
Today: Why does life feel so exhausting and pointless every single day? Need advice.,Depression
"Spent 48 hours awake feeling on top of the world, now completely hopeless. ...",Bi-Polar
"Lately, Feeling completely empty inside, nothing seems to bring joy anymore. Need advice.",Depression
Today: Cannot sleep properly due to overwhelming work pressure and exams. ...,Stress
"Extreme mood swings are ruining my life, going from high euphoria to deep depression. Sigh.",Bi-Polar
"Lately, Cannot stop overthinking every minor detail, constant dread. ...",Anxiety
"I feel like Goodbyes feel closer than ever, I am completely broken beyond repair. #mentalhealth",Suicidal
"Right now, Too many responsibilities at once, feeling extremely tense and irritable. Anyone else feel this?",Stress
"Lately, Cooking dinner with loved ones and watching a pleasant movie tonight. #mentalhealth",Normal
"Right now, Juggling multiple projects without any support is breaking me down. Anyone else feel this?",Stress
"Honestly, Spent 48 hours awake feeling on top of the world, now completely hopeless. Need advice.",Bi-Polar
"Honestly, Too many responsibilities at once, feeling extremely tense and irritable. #mentalhealth",Stress
"Honestly, Lost interest in all my hobbies, just feel numb and detached. ...",Depression
I feel like Cooking dinner with loved ones and watching a pleasant movie tonight. Need advice.,Normal
I feel like Emotional reactions feel completely out of proportion to situations. ...,Personality Disorder
Cooking dinner with loved ones and watching a pleasant movie tonight. Anyone else feel this?,Normal
"Right now, Exhausted physically and mentally from non-stop high-pressure environment. ...",Stress
"Today: Everything is going smoothly at work, accomplished all key goals. #mentalhealth",Normal
"Honestly, Waking up feeling heavy and empty, waiting for the day to just end. Need advice.",Depression
I feel like Juggling multiple projects without any support is breaking me down. Sigh.,Stress
I feel like Cooking dinner with loved ones and watching a pleasant movie tonight. Need advice.,Normal
Today: Exhausted physically and mentally from non-stop high-pressure environment. Anyone else feel this?,Stress
Today: Searching for a way out of this endless darkness and hopeless agony. #mentalhealth,Suicidal
Really enjoying learning python programming and data science lately. #mentalhealth,Normal
"Right now, Struggling to find stability when my mind switches extremes constantly. Need advice.",Bi-Polar
"Lately, Feeling disconnected from reality and my own sense of identity. Anyone else feel this?",Personality Disorder
Today: Searching for a way out of this endless darkness and hopeless agony. Need advice.,Suicidal
Unpredictable emotional waves driving away the people who care about me. Need advice.,Bi-Polar
Today: Cooking dinner with loved ones and watching a pleasant movie tonight. Need advice.,Normal
"I feel like Working 14 hours a day with zero rest, completely burned out. Anyone else feel this?",Stress
"Honestly, Too many responsibilities at once, feeling extremely tense and irritable. Anyone else feel this?",Stress
"Right now, I just want the noise in my head to stop permanently. ...",Suicidal
"Right now, Constantly feeling empty inside and seeking external validation desperately. Sigh.",Personality Disorder
"Lately, Intense unstable relationships, loving someone one minute and hating them next. ...",Personality Disorder
Today: Juggling multiple projects without any support is breaking me down. Anyone else feel this?,Stress
"Reached my absolute limit, losing all hope for any recovery or peace. Anyone else feel this?",Suicidal
"Struggling to get out of bed every morning, everything feels overwhelming. Sigh.",Depression
"Right now, Working 14 hours a day with zero rest, completely burned out. Anyone else feel this?",Stress
"Lately, Feeling utterly defeated with zero reasons to keep fighting anymore. ...",Suicidal
I feel like Constant feeling of sadness and hopelessness that won't go away. #mentalhealth,Depression
Feel like I am going to explode if one more thing goes wrong today. Need advice.,Stress
I feel like Terrified of making mistakes and failing in front of everybody.,Anxiety
"Lately, Feeling like giving up on everything, cannot carry this heavy pain. ...",Suicidal
"Right now, Too many responsibilities at once, feeling extremely tense and irritable. ...",Stress
"Lately, Feel like everyone would be better off without me existing around. Sigh.",Suicidal
"Lately, Just finished reading a fantastic book on history and science. Sigh.",Normal
"Today: The mental agony is unbearable, don't know how much longer I can endure. Need advice.",Suicidal
"Right now, Impulsive behavior and sudden anger outbursts that I deeply regret after. Need advice.",Personality Disorder
"Restless thoughts keeping me awake all night long, constant fear. Anyone else feel this?",Anxiety
"Honestly, Impulsive behavior and sudden anger outbursts that I deeply regret after. #mentalhealth",Personality Disorder
"I feel like No time for self-care or relaxation, constantly running on fumes.",Stress
"I feel like One day I feel invincible with unlimited energy, next day I can't leave bed.",Bi-Polar
I feel like Impulsive behavior and sudden anger outbursts that I deeply regret after. Anyone else feel this?,Personality Disorder
"Right now, Impulsive behavior and sudden anger outbursts that I deeply regret after. ...",Personality Disorder
"Lately, Completed my workout session and feel energized for the upcoming week. #mentalhealth",Normal
"Honestly, Had a great day spending time with family and friends at the park. #mentalhealth",Normal
"Honestly, Feel like I am going to explode if one more thing goes wrong today. Need advice.",Stress
"Restless thoughts keeping me awake all night long, constant fear. ...",Anxiety
Cooking dinner with loved ones and watching a pleasant movie tonight.,Normal
"Honestly, Feeling completely empty inside, nothing seems to bring joy anymore. Anyone else feel this?",Depression
"Lately, Wishing I could just disappear and never wake up ever again. Need advice.",Suicidal
"Right now, The mental agony is unbearable, don't know how much longer I can endure. #mentalhealth",Suicidal
"Lately, Feeling completely empty inside, nothing seems to bring joy anymore. ...",Depression
"Today: Deep inescapable dark pit, desperate for an end to this torment. ...",Suicidal
"Honestly, Feeling hyperactive and spending money impulsively, then sudden dark crash. ...",Bi-Polar
"Honestly, Feeling disconnected from reality and my own sense of identity.",Personality Disorder
Today: Volatile mood shifts and chronic fear of rejection dominating my daily life. Anyone else feel this?,Personality Disorder
I feel like Juggling multiple projects without any support is breaking me down.,Stress
"Right now, Deep inescapable dark pit, desperate for an end to this torment. Need advice.",Suicidal
Today: Cooking dinner with loved ones and watching a pleasant movie tonight. Need advice.,Normal
"Today: Lost interest in all my hobbies, just feel numb and detached. ...",Depression
"Today: Struggling to get out of bed every morning, everything feels overwhelming.",Depression
"Lately, Too many responsibilities at once, feeling extremely tense and irritable. Sigh.",Stress
"Honestly, Swinging between intense enthusiasm and devastating deep despair rapidly.",Bi-Polar
"Lately, Everything is going smoothly at work, accomplished all key goals. #mentalhealth",Normal
"Honestly, Headaches every day from constant tension and unrelenting strain. Need advice.",Stress
Emotional reactions feel completely out of proportion to situations. ...,Personality Disorder
Feeling utterly defeated with zero reasons to keep fighting anymore. ...,Suicidal
Cooking dinner with loved ones and watching a pleasant movie tonight. #mentalhealth,Normal
I feel like Really enjoying learning python programming and data science lately.,Normal
Today: Tightness in my chest and constant feeling that something terrible will happen. Sigh.,Anxiety
"I feel like Struggling to get out of bed every morning, everything feels overwhelming. Need advice.",Depression
"Honestly, Feel like a burden to everyone around me, nobody really understands.",Depression
"Honestly, Extreme mood swings are ruining my life, going from high euphoria to deep depression. Sigh.",Bi-Polar
"Lately, Constant feeling of sadness and hopelessness that won't go away. ...",Depression
Overanalyzing past conversations over and over again in my head.,Anxiety
I feel like Completed my workout session and feel energized for the upcoming week.,Normal
Isolating myself from friends because I don't have the energy to talk. Anyone else feel this?,Depression
"Lately, Unsure of who I really am, identity feels fragmented and empty constantly.",Personality Disorder
"Lately, Struggling to get out of bed every morning, everything feels overwhelming. Need advice.",Depression
"Lately, The mental agony is unbearable, don't know how much longer I can endure. Need advice.",Suicidal
"Honestly, One day I feel invincible with unlimited energy, next day I can't leave bed. Sigh.",Bi-Polar
"Right now, My heart is racing fast for no apparent reason, panic is setting in. Sigh.",Anxiety
"Right now, Feeling grateful for good health and peaceful sunny weather today. #mentalhealth",Normal
"Lately, Swinging between intense enthusiasm and devastating deep despair rapidly. #mentalhealth",Bi-Polar
"Today: Extreme mood swings are ruining my life, going from high euphoria to deep depression. Sigh.",Bi-Polar
I feel like Looking forward to the weekend getaway with my university roommates. Sigh.,Normal
"Right now, Headaches every day from constant tension and unrelenting strain. Sigh.",Stress
"Lately, Working 14 hours a day with zero rest, completely burned out. #mentalhealth",Stress
"Today: Goodbyes feel closer than ever, I am completely broken beyond repair. Sigh.",Suicidal
"Unsure of who I really am, identity feels fragmented and empty constantly. Need advice.",Personality Disorder
"Honestly, One day I feel invincible with unlimited energy, next day I can't leave bed.",Bi-Polar
"Lately, Overanalyzing past conversations over and over again in my head. Sigh.",Anxiety
I feel like Fear of abandonment makes me push people away before they leave me.,Personality Disorder
I feel like Sudden wave of panic made it hard to breathe properly in public. Need advice.,Anxiety
"I feel like My heart is racing fast for no apparent reason, panic is setting in. Need advice.",Anxiety
Today: Searching for a way out of this endless darkness and hopeless agony. Need advice.,Suicidal
"Lately, Spent 48 hours awake feeling on top of the world, now completely hopeless. Need advice.",Bi-Polar
"Right now, My heart is racing fast for no apparent reason, panic is setting in. ...",Anxiety
Juggling multiple projects without any support is breaking me down. ...,Stress
"Honestly, One day I feel invincible with unlimited energy, next day I can't leave bed. #mentalhealth",Bi-Polar
Deadlines piling up rapidly and I am drowning under immense pressure. Need advice.,Stress
"Extreme mood swings are ruining my life, going from high euphoria to deep depression.",Bi-Polar
"Right now, Working 14 hours a day with zero rest, completely burned out. Anyone else feel this?",Stress
"Intense unstable relationships, loving someone one minute and hating them next. Anyone else feel this?",Personality Disorder
"Today: Struggling to get out of bed every morning, everything feels overwhelming. ...",Depression
"Lately, I just want the noise in my head to stop permanently. Need advice.",Suicidal
"Honestly, Feeling grateful for good health and peaceful sunny weather today. ...",Normal
"Lately, Fear of abandonment makes me push people away before they leave me. Sigh.",Personality Disorder
"I feel like Worried about the future all the time, my mind just won't rest. #mentalhealth",Anxiety
Today: Tightness in my chest and constant feeling that something terrible will happen. Need advice.,Anxiety
"Right now, Struggling to find stability when my mind switches extremes constantly. Need advice.",Bi-Polar
"Honestly, Rapidly shifting perceptions of self and others, struggle with trust. #mentalhealth",Personality Disorder
"Lately, Intense unstable relationships, loving someone one minute and hating them next. ...",Personality Disorder
"Everything is going smoothly at work, accomplished all key goals. ...",Normal
"Honestly, Feeling hyperactive and spending money impulsively, then sudden dark crash. Need advice.",Bi-Polar
"I feel like The mental agony is unbearable, don't know how much longer I can endure. Anyone else feel this?",Suicidal
"Honestly, Waking up feeling heavy and empty, waiting for the day to just end. ...",Depression
"I feel like Spent 48 hours awake feeling on top of the world, now completely hopeless. #mentalhealth",Bi-Polar
"Lately, Feeling completely empty inside, nothing seems to bring joy anymore. ...",Depression
Cannot control these sudden drastic shifts in my emotions and energy levels. ...,Bi-Polar
Really enjoying learning python programming and data science lately. Anyone else feel this?,Normal
I feel like Feeling grateful for good health and peaceful sunny weather today. ...,Normal
"Lately, Spent 48 hours awake feeling on top of the world, now completely hopeless. Sigh.",Bi-Polar
I feel like Difficulty maintaining stable connections due to emotional turbulence. ...,Personality Disorder
"Right now, Fear of abandonment makes me push people away before they leave me.",Personality Disorder
I feel like Cannot sleep properly due to overwhelming work pressure and exams. #mentalhealth,Stress
"Right now, Restless thoughts keeping me awake all night long, constant fear. Sigh.",Anxiety
I feel like So stressed out that I can barely concentrate on basic tasks.,Stress
Feeling utterly defeated with zero reasons to keep fighting anymore. Need advice.,Suicidal
"Right now, Deadlines piling up rapidly and I am drowning under immense pressure. #mentalhealth",Stress
"Today: Working 14 hours a day with zero rest, completely burned out. Need advice.",Stress
"Lately, Cooking dinner with loved ones and watching a pleasant movie tonight. Need advice.",Normal
"Today: Working 14 hours a day with zero rest, completely burned out.",Stress
Constant feeling of sadness and hopelessness that won't go away. Need advice.,Depression
"Right now, Cannot stop overthinking every minor detail, constant dread. Anyone else feel this?",Anxiety
"Lately, Constantly feeling empty inside and seeking external validation desperately. Sigh.",Personality Disorder
"Right now, Just finished reading a fantastic book on history and science. Sigh.",Normal
"I feel like Restless thoughts keeping me awake all night long, constant fear.",Anxiety
"Lately, Juggling multiple projects without any support is breaking me down. #mentalhealth",Stress
Headaches every day from constant tension and unrelenting strain. Anyone else feel this?,Stress
"Today: Feeling completely empty inside, nothing seems to bring joy anymore. Need advice.",Depression
I feel like Social situations make me feel overwhelmed and deeply uncomfortable. Sigh.,Anxiety
Tired of pretending to be okay when I feel so alone and hollow.,Depression
"Lately, Cannot sleep properly due to overwhelming work pressure and exams.",Stress
"Honestly, Impulsive behavior and sudden anger outbursts that I deeply regret after.",Personality Disorder
"Reached my absolute limit, losing all hope for any recovery or peace. #mentalhealth",Suicidal
"Right now, Feeling completely empty inside, nothing seems to bring joy anymore. ...",Depression
"I feel like Extreme mood swings are ruining my life, going from high euphoria to deep depression.",Bi-Polar
"Right now, Feel extremely nervous about tomorrow's meeting, hands are shaking. Anyone else feel this?",Anxiety
"Today: Feel like a burden to everyone around me, nobody really understands. Need advice.",Depression
"Lately, Manic episode made me feel unstoppable, now dealing with severe aftermath. Anyone else feel this?",Bi-Polar
"Honestly, Feel like I am going to explode if one more thing goes wrong today. Sigh.",Stress
Today: Unpredictable emotional waves driving away the people who care about me. Sigh.,Bi-Polar
Today: Fear of abandonment makes me push people away before they leave me. Sigh.,Personality Disorder
"Today: Working 14 hours a day with zero rest, completely burned out. Need advice.",Stress
"Honestly, Volatile mood shifts and chronic fear of rejection dominating my daily life. #mentalhealth",Personality Disorder
"Right now, Everything is going smoothly at work, accomplished all key goals. Need advice.",Normal
"Feel like a burden to everyone around me, nobody really understands. Sigh.",Depression
"Right now, Intense unstable relationships, loving someone one minute and hating them next.",Personality Disorder
"Right now, Goodbyes feel closer than ever, I am completely broken beyond repair. ...",Suicidal
"Honestly, Cannot sleep properly due to overwhelming work pressure and exams.",Stress
I feel like Unpredictable emotional waves driving away the people who care about me. ...,Bi-Polar
"Honestly, Struggling to get out of bed every morning, everything feels overwhelming.",Depression
"Feel like a burden to everyone around me, nobody really understands. Sigh.",Depression
"Right now, Sudden wave of panic made it hard to breathe properly in public.",Anxiety
"I feel like Extreme mood swings are ruining my life, going from high euphoria to deep depression.",Bi-Polar
"Lately, Swinging between intense enthusiasm and devastating deep despair rapidly. Anyone else feel this?",Bi-Polar
"Lately, Working 14 hours a day with zero rest, completely burned out. Sigh.",Stress
I feel like Just finished reading a fantastic book on history and science. #mentalhealth,Normal
Today: Feeling utterly defeated with zero reasons to keep fighting anymore. #mentalhealth,Suicidal
"Today: The mental agony is unbearable, don't know how much longer I can endure. Sigh.",Suicidal
"Extreme mood swings are ruining my life, going from high euphoria to deep depression. #mentalhealth",Bi-Polar
I feel like Impulsive behavior and sudden anger outbursts that I deeply regret after. Sigh.,Personality Disorder
"Honestly, The mental agony is unbearable, don't know how much longer I can endure. Sigh.",Suicidal
Feeling disconnected from reality and my own sense of identity. Sigh.,Personality Disorder
"Lately, Dark thoughts keep creeping in whenever I am left alone in silence. Need advice.",Depression
"Lately, Feel like everyone would be better off without me existing around. Need advice.",Suicidal
"Honestly, Spent 48 hours awake feeling on top of the world, now completely hopeless. Anyone else feel this?",Bi-Polar
Today: Emotional reactions feel completely out of proportion to situations. Need advice.,Personality Disorder
"Lately, Isolating myself from friends because I don't have the energy to talk. Need advice.",Depression
"Right now, Cooking dinner with loved ones and watching a pleasant movie tonight. Need advice.",Normal
"Honestly, Had a great day spending time with family and friends at the park.",Normal
Wishing I could just disappear and never wake up ever again. ...,Suicidal
I feel like Struggling to find stability when my mind switches extremes constantly. ...,Bi-Polar
"Today: Cannot stop overthinking every minor detail, constant dread.",Anxiety
Today: I just want the noise in my head to stop permanently. Need advice.,Suicidal
Struggling to find stability when my mind switches extremes constantly. Anyone else feel this?,Bi-Polar
"I feel like Goodbyes feel closer than ever, I am completely broken beyond repair.",Suicidal
"Feel like a burden to everyone around me, nobody really understands.",Depression
"Right now, Struggling to find stability when my mind switches extremes constantly. #mentalhealth",Bi-Polar
"Honestly, Tried a new coffee blend today and it was surprisingly delicious. ...",Normal
Feel like I am going to explode if one more thing goes wrong today. Sigh.,Stress
"Today: Spent 48 hours awake feeling on top of the world, now completely hopeless. Need advice.",Bi-Polar
"Today: Feeling like giving up on everything, cannot carry this heavy pain. #mentalhealth",Suicidal
"Right now, Worried about the future all the time, my mind just won't rest. Sigh.",Anxiety
"Lately, Struggling to find stability when my mind switches extremes constantly. Anyone else feel this?",Bi-Polar
"Honestly, Intense unstable relationships, loving someone one minute and hating them next. Anyone else feel this?",Personality Disorder
"Right now, Emotional reactions feel completely out of proportion to situations. ...",Personality Disorder
"I feel like Intense unstable relationships, loving someone one minute and hating them next. Anyone else feel this?",Personality Disorder
"Honestly, Feeling hyperactive and spending money impulsively, then sudden dark crash.",Bi-Polar
"Lately, Tired of pretending to be okay when I feel so alone and hollow. Anyone else feel this?",Depression
I feel like Terrified of making mistakes and failing in front of everybody. Anyone else feel this?,Anxiety
Today: Social situations make me feel overwhelmed and deeply uncomfortable. Need advice.,Anxiety
Today: Headaches every day from constant tension and unrelenting strain. #mentalhealth,Stress
"Right now, Intense unstable relationships, loving someone one minute and hating them next. ...",Personality Disorder
"Right now, Had a great day spending time with family and friends at the park. Need advice.",Normal
"Today: Cannot stop overthinking every minor detail, constant dread.",Anxiety
I feel like Volatile mood shifts and chronic fear of rejection dominating my daily life. Sigh.,Personality Disorder
"Honestly, Social situations make me feel overwhelmed and deeply uncomfortable. Anyone else feel this?",Anxiety
"Lately, No time for self-care or relaxation, constantly running on fumes. Sigh.",Stress
"Feeling like giving up on everything, cannot carry this heavy pain. Sigh.",Suicidal
I feel like Wishing I could just disappear and never wake up ever again.,Suicidal
"Honestly, Peaceful Sunday morning relaxing with fresh tea and acoustic music.",Normal
Juggling multiple projects without any support is breaking me down. ...,Stress
Had a great day spending time with family and friends at the park. #mentalhealth,Normal
Today: Constant feeling of sadness and hopelessness that won't go away. Anyone else feel this?,Depression
"Lately, Volatile mood shifts and chronic fear of rejection dominating my daily life.",Personality Disorder
"Right now, Intense unstable relationships, loving someone one minute and hating them next. Need advice.",Personality Disorder
Today: Impulsive behavior and sudden anger outbursts that I deeply regret after. Need advice.,Personality Disorder
I feel like Tired of pretending to be okay when I feel so alone and hollow. #mentalhealth,Depression
Today: Feel like everyone would be better off without me existing around. #mentalhealth,Suicidal
"Right now, Feel like I am going to explode if one more thing goes wrong today.",Stress
I feel like Dark thoughts keep creeping in whenever I am left alone in silence. Sigh.,Depression
"Right now, Unpredictable emotional waves driving away the people who care about me. Sigh.",Bi-Polar
"Lately, Feel like I am going to explode if one more thing goes wrong today. #mentalhealth",Stress
"Right now, Worried about the future all the time, my mind just won't rest. #mentalhealth",Anxiety
"Today: Reached my absolute limit, losing all hope for any recovery or peace. #mentalhealth",Suicidal
"Struggling to get out of bed every morning, everything feels overwhelming. Sigh.",Depression
"Honestly, Cooking dinner with loved ones and watching a pleasant movie tonight. #mentalhealth",Normal
Today: Feeling disconnected from reality and my own sense of identity.,Personality Disorder
I feel like Juggling multiple projects without any support is breaking me down. Need advice.,Stress
"Right now, Struggling to find stability when my mind switches extremes constantly. #mentalhealth",Bi-Polar
"Right now, Tried a new coffee blend today and it was surprisingly delicious. ...",Normal
Tightness in my chest and constant feeling that something terrible will happen. Need advice.,Anxiety
Searching for a way out of this endless darkness and hopeless agony.,Suicidal
"Rapidly shifting perceptions of self and others, struggle with trust. #mentalhealth",Personality Disorder
"Today: Restless thoughts keeping me awake all night long, constant fear.",Anxiety
Today: Cannot control these sudden drastic shifts in my emotions and energy levels. ...,Bi-Polar
"Right now, Reached my absolute limit, losing all hope for any recovery or peace. Anyone else feel this?",Suicidal
"Right now, Exhausted physically and mentally from non-stop high-pressure environment. #mentalhealth",Stress
"Lately, Worried about the future all the time, my mind just won't rest. ...",Anxiety
Today: Just finished reading a fantastic book on history and science. Anyone else feel this?,Normal
I feel like Feel like everyone would be better off without me existing around. Sigh.,Suicidal
"Today: Feeling completely empty inside, nothing seems to bring joy anymore.",Depression
"Right now, Struggling to get out of bed every morning, everything feels overwhelming. Sigh.",Depression
"Feeling like giving up on everything, cannot carry this heavy pain. Anyone else feel this?",Suicidal
"Right now, Feeling utterly defeated with zero reasons to keep fighting anymore. Sigh.",Suicidal
I feel like I just want the noise in my head to stop permanently. Need advice.,Suicidal
"Honestly, Exhausted physically and mentally from non-stop high-pressure environment. Anyone else feel this?",Stress
Feeling disconnected from reality and my own sense of identity. Need advice.,Personality Disorder
I feel like Juggling multiple projects without any support is breaking me down. Anyone else feel this?,Stress
I feel like Swinging between intense enthusiasm and devastating deep despair rapidly. ...,Bi-Polar
"Honestly, Headaches every day from constant tension and unrelenting strain. Sigh.",Stress
"I feel like Waking up feeling heavy and empty, waiting for the day to just end. Sigh.",Depression
"Honestly, Volatile mood shifts and chronic fear of rejection dominating my daily life. Sigh.",Personality Disorder
"Right now, No time for self-care or relaxation, constantly running on fumes. ...",Stress
"Honestly, Fear of abandonment makes me push people away before they leave me. Need advice.",Personality Disorder
"Lately, Feel extremely nervous about tomorrow's meeting, hands are shaking. Anyone else feel this?",Anxiety
Today: Cannot sleep properly due to overwhelming work pressure and exams. Sigh.,Stress
"Today: No time for self-care or relaxation, constantly running on fumes.",Stress
"Honestly, Goodbyes feel closer than ever, I am completely broken beyond repair. Anyone else feel this?",Suicidal
"I feel like Working 14 hours a day with zero rest, completely burned out. Need advice.",Stress
"Honestly, Feel like everyone would be better off without me existing around. ...",Suicidal
Exhausted physically and mentally from non-stop high-pressure environment. Sigh.,Stress
"Right now, Cannot sleep properly due to overwhelming work pressure and exams. Sigh.",Stress
I feel like Headaches every day from constant tension and unrelenting strain. #mentalhealth,Stress
Today: Sudden wave of panic made it hard to breathe properly in public. Anyone else feel this?,Anxiety
"Feel extremely nervous about tomorrow's meeting, hands are shaking. Sigh.",Anxiety
"Goodbyes feel closer than ever, I am completely broken beyond repair. Need advice.",Suicidal
Tried a new coffee blend today and it was surprisingly delicious. Anyone else feel this?,Normal
"Honestly, Why does life feel so exhausting and pointless every single day? Sigh.",Depression
"Honestly, Tightness in my chest and constant feeling that something terrible will happen. ...",Anxiety
"Right now, Feel like a burden to everyone around me, nobody really understands. Sigh.",Depression
I feel like Tired of pretending to be okay when I feel so alone and hollow. #mentalhealth,Depression
"Honestly, Everything is going smoothly at work, accomplished all key goals. Sigh.",Normal
"Lately, Peaceful Sunday morning relaxing with fresh tea and acoustic music. ...",Normal
"Honestly, Wishing I could just disappear and never wake up ever again. Sigh.",Suicidal
"Feeling like giving up on everything, cannot carry this heavy pain. ...",Suicidal
I feel like Terrified of making mistakes and failing in front of everybody. Need advice.,Anxiety
"Honestly, Looking forward to the weekend getaway with my university roommates. Need advice.",Normal
"Honestly, Lost interest in all my hobbies, just feel numb and detached. ...",Depression
"Honestly, Swinging between intense enthusiasm and devastating deep despair rapidly. Anyone else feel this?",Bi-Polar
"Right now, Everything is going smoothly at work, accomplished all key goals.",Normal
I feel like Cannot sleep properly due to overwhelming work pressure and exams.,Stress
"I feel like Worried about the future all the time, my mind just won't rest. Need advice.",Anxiety
"Honestly, Just finished reading a fantastic book on history and science. Anyone else feel this?",Normal
I feel like Feeling grateful for good health and peaceful sunny weather today. Sigh.,Normal
"Today: Extreme mood swings are ruining my life, going from high euphoria to deep depression. #mentalhealth",Bi-Polar
Peaceful Sunday morning relaxing with fresh tea and acoustic music. Anyone else feel this?,Normal
"Honestly, Struggling to get out of bed every morning, everything feels overwhelming. ...",Depression
"Lately, Volatile mood shifts and chronic fear of rejection dominating my daily life. ...",Personality Disorder
Really enjoying learning python programming and data science lately. Need advice.,Normal
I feel like Wishing I could just disappear and never wake up ever again. ...,Suicidal
"Lately, Feeling completely empty inside, nothing seems to bring joy anymore. ...",Depression
"Lately, Manic episode made me feel unstoppable, now dealing with severe aftermath. Need advice.",Bi-Polar
"Honestly, Juggling multiple projects without any support is breaking me down.",Stress
"Right now, Feel like everyone would be better off without me existing around. ...",Suicidal
"Lately, Struggling to find stability when my mind switches extremes constantly. ...",Bi-Polar
Volatile mood shifts and chronic fear of rejection dominating my daily life. #mentalhealth,Personality Disorder
"Honestly, I just want the noise in my head to stop permanently. Sigh.",Suicidal
Feel like everyone would be better off without me existing around. Need advice.,Suicidal
Just finished reading a fantastic book on history and science. Sigh.,Normal
"Lately, Isolating myself from friends because I don't have the energy to talk.",Depression
"Lately, Feel like a burden to everyone around me, nobody really understands. Need advice.",Depression
"Right now, Feel extremely nervous about tomorrow's meeting, hands are shaking. Sigh.",Anxiety
"Honestly, Feel like a burden to everyone around me, nobody really understands.",Depression
"Lately, Completed my workout session and feel energized for the upcoming week.",Normal
"Right now, Cannot stop overthinking every minor detail, constant dread.",Anxiety
"Right now, Cannot stop overthinking every minor detail, constant dread. Need advice.",Anxiety
"Honestly, Rapidly shifting perceptions of self and others, struggle with trust. Need advice.",Personality Disorder
"Honestly, Looking forward to the weekend getaway with my university roommates. Anyone else feel this?",Normal
"Today: Reached my absolute limit, losing all hope for any recovery or peace. Need advice.",Suicidal
"Right now, Constant feeling of sadness and hopelessness that won't go away. Sigh.",Depression
"Right now, Intense unstable relationships, loving someone one minute and hating them next. Need advice.",Personality Disorder
"Today: Worried about the future all the time, my mind just won't rest. Sigh.",Anxiety
I feel like Feeling utterly defeated with zero reasons to keep fighting anymore. ...,Suicidal
"Lately, Cannot control these sudden drastic shifts in my emotions and energy levels.",Bi-Polar
"Today: Manic episode made me feel unstoppable, now dealing with severe aftermath. Need advice.",Bi-Polar
"Lately, Completed my workout session and feel energized for the upcoming week. Anyone else feel this?",Normal
"Right now, Intense unstable relationships, loving someone one minute and hating them next.",Personality Disorder
Today: Had a great day spending time with family and friends at the park. Sigh.,Normal
Today: Social situations make me feel overwhelmed and deeply uncomfortable. Need advice.,Anxiety
"Reached my absolute limit, losing all hope for any recovery or peace.",Suicidal
"Honestly, Terrified of making mistakes and failing in front of everybody. ...",Anxiety
"Honestly, One day I feel invincible with unlimited energy, next day I can't leave bed. Sigh.",Bi-Polar
Today: Cannot control these sudden drastic shifts in my emotions and energy levels. Anyone else feel this?,Bi-Polar
Today: Social situations make me feel overwhelmed and deeply uncomfortable. Anyone else feel this?,Anxiety
Just finished reading a fantastic book on history and science. Anyone else feel this?,Normal
"Honestly, Dark thoughts keep creeping in whenever I am left alone in silence. Anyone else feel this?",Depression
"Lately, Juggling multiple projects without any support is breaking me down. ...",Stress
"Honestly, Sudden wave of panic made it hard to breathe properly in public. Need advice.",Anxiety
"Honestly, Spent 48 hours awake feeling on top of the world, now completely hopeless. Anyone else feel this?",Bi-Polar
"I feel like One day I feel invincible with unlimited energy, next day I can't leave bed. ...",Bi-Polar
"I feel like Waking up feeling heavy and empty, waiting for the day to just end.",Depression
"Intense unstable relationships, loving someone one minute and hating them next. ...",Personality Disorder
Sudden wave of panic made it hard to breathe properly in public. ...,Anxiety
"Right now, Overanalyzing past conversations over and over again in my head. ...",Anxiety
Today: Peaceful Sunday morning relaxing with fresh tea and acoustic music. ...,Normal
I feel like Fear of abandonment makes me push people away before they leave me. Sigh.,Personality Disorder
Feel like everyone would be better off without me existing around. Sigh.,Suicidal
"Today: Feel like a burden to everyone around me, nobody really understands. ...",Depression
"Honestly, Tired of pretending to be okay when I feel so alone and hollow. Anyone else feel this?",Depression
Today: Sudden wave of panic made it hard to breathe properly in public. ...,Anxiety
Today: Constant feeling of sadness and hopelessness that won't go away. #mentalhealth,Depression
Cannot control these sudden drastic shifts in my emotions and energy levels. ...,Bi-Polar
Completed my workout session and feel energized for the upcoming week. Anyone else feel this?,Normal
"Right now, Waking up feeling heavy and empty, waiting for the day to just end. ...",Depression
Feeling grateful for good health and peaceful sunny weather today. Sigh.,Normal
"Lately, Wishing I could just disappear and never wake up ever again.",Suicidal
"Lately, One day I feel invincible with unlimited energy, next day I can't leave bed. Sigh.",Bi-Polar
"My heart is racing fast for no apparent reason, panic is setting in. Anyone else feel this?",Anxiety
"Lately, Intense unstable relationships, loving someone one minute and hating them next. #mentalhealth",Personality Disorder
Today: Feeling disconnected from reality and my own sense of identity. #mentalhealth,Personality Disorder
"Right now, Feeling completely empty inside, nothing seems to bring joy anymore. Anyone else feel this?",Depression
"Lately, Worried about the future all the time, my mind just won't rest. ...",Anxiety
Today: Feeling disconnected from reality and my own sense of identity. #mentalhealth,Personality Disorder
"I feel like Feeling like giving up on everything, cannot carry this heavy pain. Need advice.",Suicidal
Today: Impulsive behavior and sudden anger outbursts that I deeply regret after. Anyone else feel this?,Personality Disorder
"Lately, Unsure of who I really am, identity feels fragmented and empty constantly. ...",Personality Disorder
"Right now, Racing thoughts and bursts of chaotic creativity followed by total paralysis. ...",Bi-Polar
"Honestly, Social situations make me feel overwhelmed and deeply uncomfortable. #mentalhealth",Anxiety
"Feel like a burden to everyone around me, nobody really understands.",Depression
Juggling multiple projects without any support is breaking me down. ...,Stress
"Right now, Feeling like giving up on everything, cannot carry this heavy pain. Sigh.",Suicidal
"Right now, Rapidly shifting perceptions of self and others, struggle with trust. #mentalhealth",Personality Disorder
"Right now, Manic episode made me feel unstoppable, now dealing with severe aftermath. Anyone else feel this?",Bi-Polar
Terrified of making mistakes and failing in front of everybody. Anyone else feel this?,Anxiety
"Lately, Feel like everyone would be better off without me existing around. Need advice.",Suicidal
Today: Really enjoying learning python programming and data science lately. Sigh.,Normal
"Right now, Spent 48 hours awake feeling on top of the world, now completely hopeless.",Bi-Polar
"Today: Spent 48 hours awake feeling on top of the world, now completely hopeless. ...",Bi-Polar
"I feel like Feeling hyperactive and spending money impulsively, then sudden dark crash. #mentalhealth",Bi-Polar
"Right now, Feel like everyone would be better off without me existing around. Sigh.",Suicidal
"Right now, Feel like I am going to explode if one more thing goes wrong today. #mentalhealth",Stress
"I feel like Spent 48 hours awake feeling on top of the world, now completely hopeless. Need advice.",Bi-Polar
"I feel like Feel extremely nervous about tomorrow's meeting, hands are shaking.",Anxiety
"Lately, Tightness in my chest and constant feeling that something terrible will happen. Anyone else feel this?",Anxiety
Just finished reading a fantastic book on history and science. Need advice.,Normal
"Right now, Feeling hyperactive and spending money impulsively, then sudden dark crash. ...",Bi-Polar
"Lately, Overanalyzing past conversations over and over again in my head. Anyone else feel this?",Anxiety
Today: Really enjoying learning python programming and data science lately. #mentalhealth,Normal
"Lately, Fear of abandonment makes me push people away before they leave me.",Personality Disorder
"Lately, I just want the noise in my head to stop permanently. #mentalhealth",Suicidal
Today: Just finished reading a fantastic book on history and science. ...,Normal
"Right now, Volatile mood shifts and chronic fear of rejection dominating my daily life. ...",Personality Disorder
I feel like Volatile mood shifts and chronic fear of rejection dominating my daily life. Need advice.,Personality Disorder
"I feel like The mental agony is unbearable, don't know how much longer I can endure. #mentalhealth",Suicidal
"Right now, Extreme mood swings are ruining my life, going from high euphoria to deep depression. Anyone else feel this?",Bi-Polar
"Right now, Exhausted physically and mentally from non-stop high-pressure environment. Sigh.",Stress
I feel like Impulsive behavior and sudden anger outbursts that I deeply regret after. Sigh.,Personality Disorder
"Honestly, Feeling hyperactive and spending money impulsively, then sudden dark crash. Need advice.",Bi-Polar
"Rapidly shifting perceptions of self and others, struggle with trust. #mentalhealth",Personality Disorder
"Honestly, No time for self-care or relaxation, constantly running on fumes. Anyone else feel this?",Stress
"Lately, The mental agony is unbearable, don't know how much longer I can endure. #mentalhealth",Suicidal
Today: Tired of pretending to be okay when I feel so alone and hollow. ...,Depression
"Lately, Completed my workout session and feel energized for the upcoming week.",Normal
"I feel like One day I feel invincible with unlimited energy, next day I can't leave bed. Sigh.",Bi-Polar
Today: Fear of abandonment makes me push people away before they leave me. Sigh.,Personality Disorder
"Right now, Intense unstable relationships, loving someone one minute and hating them next. Need advice.",Personality Disorder
"Honestly, Isolating myself from friends because I don't have the energy to talk. Sigh.",Depression
"Honestly, One day I feel invincible with unlimited energy, next day I can't leave bed. Need advice.",Bi-Polar
"Honestly, Rapidly shifting perceptions of self and others, struggle with trust. ...",Personality Disorder
"Lately, Feeling disconnected from reality and my own sense of identity. Need advice.",Personality Disorder
"Honestly, Tightness in my chest and constant feeling that something terrible will happen. Need advice.",Anxiety
"One day I feel invincible with unlimited energy, next day I can't leave bed.",Bi-Polar
"Today: The mental agony is unbearable, don't know how much longer I can endure.",Suicidal
"Spent 48 hours awake feeling on top of the world, now completely hopeless. Anyone else feel this?",Bi-Polar
"Today: Deep inescapable dark pit, desperate for an end to this torment. #mentalhealth",Suicidal
"Today: Feeling completely empty inside, nothing seems to bring joy anymore. Need advice.",Depression
"Honestly, Why does life feel so exhausting and pointless every single day? Sigh.",Depression
"Honestly, Feel like everyone would be better off without me existing around. Anyone else feel this?",Suicidal
"Right now, One day I feel invincible with unlimited energy, next day I can't leave bed. ...",Bi-Polar
"Right now, Volatile mood shifts and chronic fear of rejection dominating my daily life. Need advice.",Personality Disorder
I feel like Had a great day spending time with family and friends at the park. ...,Normal
Today: Exhausted physically and mentally from non-stop high-pressure environment. Anyone else feel this?,Stress
"Lately, Extreme mood swings are ruining my life, going from high euphoria to deep depression. ...",Bi-Polar
"Honestly, Isolating myself from friends because I don't have the energy to talk.",Depression
"Lately, Worried about the future all the time, my mind just won't rest. Anyone else feel this?",Anxiety
"Right now, Rapidly shifting perceptions of self and others, struggle with trust. Need advice.",Personality Disorder
"I feel like The mental agony is unbearable, don't know how much longer I can endure. Sigh.",Suicidal
Today: Struggling to find stability when my mind switches extremes constantly. #mentalhealth,Bi-Polar
"The mental agony is unbearable, don't know how much longer I can endure. Sigh.",Suicidal
"Honestly, Feeling utterly defeated with zero reasons to keep fighting anymore. Anyone else feel this?",Suicidal
Peaceful Sunday morning relaxing with fresh tea and acoustic music. #mentalhealth,Normal
"Lately, So stressed out that I can barely concentrate on basic tasks. Sigh.",Stress
"Right now, Difficulty maintaining stable connections due to emotional turbulence. Need advice.",Personality Disorder
"The mental agony is unbearable, don't know how much longer I can endure. Need advice.",Suicidal
Today: Feeling utterly defeated with zero reasons to keep fighting anymore.,Suicidal
Dark thoughts keep creeping in whenever I am left alone in silence. ...,Depression
I feel like Sudden wave of panic made it hard to breathe properly in public. Anyone else feel this?,Anxiety
"Lately, Feel like I am going to explode if one more thing goes wrong today. Sigh.",Stress
"Extreme mood swings are ruining my life, going from high euphoria to deep depression. Anyone else feel this?",Bi-Polar
"Lately, Feeling like giving up on everything, cannot carry this heavy pain. Need advice.",Suicidal
"Honestly, Unpredictable emotional waves driving away the people who care about me. #mentalhealth",Bi-Polar
Today: Why does life feel so exhausting and pointless every single day? Anyone else feel this?,Depression
"Right now, Feeling like giving up on everything, cannot carry this heavy pain. Need advice.",Suicidal
I feel like Emotional reactions feel completely out of proportion to situations. Anyone else feel this?,Personality Disorder
Terrified of making mistakes and failing in front of everybody. #mentalhealth,Anxiety
"Lately, Feel like I am going to explode if one more thing goes wrong today. ...",Stress
"I feel like Worried about the future all the time, my mind just won't rest. #mentalhealth",Anxiety
"Honestly, Tired of pretending to be okay when I feel so alone and hollow. Sigh.",Depression
I just want the noise in my head to stop permanently. ...,Suicidal
"Honestly, Racing thoughts and bursts of chaotic creativity followed by total paralysis. Sigh.",Bi-Polar
Today: Feel like everyone would be better off without me existing around. ...,Suicidal
"Lately, Had a great day spending time with family and friends at the park. Need advice.",Normal
"Lately, Isolating myself from friends because I don't have the energy to talk.",Depression
"Today: The mental agony is unbearable, don't know how much longer I can endure. ...",Suicidal
"Lately, Working 14 hours a day with zero rest, completely burned out. Anyone else feel this?",Stress
"Honestly, Really enjoying learning python programming and data science lately. Anyone else feel this?",Normal
"I feel like Goodbyes feel closer than ever, I am completely broken beyond repair. #mentalhealth",Suicidal
"Honestly, Deep inescapable dark pit, desperate for an end to this torment. #mentalhealth",Suicidal
"Honestly, Rapidly shifting perceptions of self and others, struggle with trust. #mentalhealth",Personality Disorder
"Right now, Cannot stop overthinking every minor detail, constant dread. Sigh.",Anxiety
"Lately, Restless thoughts keeping me awake all night long, constant fear. Anyone else feel this?",Anxiety
"Right now, Feel extremely nervous about tomorrow's meeting, hands are shaking. ...",Anxiety
"Honestly, Cannot control these sudden drastic shifts in my emotions and energy levels. Anyone else feel this?",Bi-Polar
"Honestly, Constantly feeling empty inside and seeking external validation desperately.",Personality Disorder
"Honestly, One day I feel invincible with unlimited energy, next day I can't leave bed. ...",Bi-Polar
Feel like I am going to explode if one more thing goes wrong today. Sigh.,Stress
Really enjoying learning python programming and data science lately. ...,Normal
I feel like Feel like I am going to explode if one more thing goes wrong today. Anyone else feel this?,Stress
I feel like Struggling to find stability when my mind switches extremes constantly. #mentalhealth,Bi-Polar
"Lately, Emotional reactions feel completely out of proportion to situations. ...",Personality Disorder
Today: Feel like everyone would be better off without me existing around. Sigh.,Suicidal
I feel like So stressed out that I can barely concentrate on basic tasks.,Stress
"Feeling completely empty inside, nothing seems to bring joy anymore. Sigh.",Depression
"Right now, Social situations make me feel overwhelmed and deeply uncomfortable. #mentalhealth",Anxiety
Today: Feeling grateful for good health and peaceful sunny weather today. ...,Normal
"Honestly, Why does life feel so exhausting and pointless every single day? Sigh.",Depression
"Lately, Impulsive behavior and sudden anger outbursts that I deeply regret after. #mentalhealth",Personality Disorder
"Honestly, Racing thoughts and bursts of chaotic creativity followed by total paralysis. Anyone else feel this?",Bi-Polar
"Struggling to get out of bed every morning, everything feels overwhelming. Sigh.",Depression
So stressed out that I can barely concentrate on basic tasks. Sigh.,Stress
"I feel like No time for self-care or relaxation, constantly running on fumes. #mentalhealth",Stress
"Right now, Feeling disconnected from reality and my own sense of identity. Anyone else feel this?",Personality Disorder
"Today: No time for self-care or relaxation, constantly running on fumes. Sigh.",Stress
"Right now, Too many responsibilities at once, feeling extremely tense and irritable. Sigh.",Stress
"Right now, Really enjoying learning python programming and data science lately. Sigh.",Normal
Today: Constant feeling of sadness and hopelessness that won't go away. #mentalhealth,Depression
"Honestly, Feeling completely empty inside, nothing seems to bring joy anymore. Need advice.",Depression
"Manic episode made me feel unstoppable, now dealing with severe aftermath. Sigh.",Bi-Polar
"Honestly, Working 14 hours a day with zero rest, completely burned out. Need advice.",Stress
I feel like Overanalyzing past conversations over and over again in my head. #mentalhealth,Anxiety
"I feel like Struggling to get out of bed every morning, everything feels overwhelming. Need advice.",Depression
"Right now, Waking up feeling heavy and empty, waiting for the day to just end. Sigh.",Depression
Today: Fear of abandonment makes me push people away before they leave me. #mentalhealth,Personality Disorder
Today: Looking forward to the weekend getaway with my university roommates.,Normal
"Today: Struggling to get out of bed every morning, everything feels overwhelming. #mentalhealth",Depression
"Right now, My heart is racing fast for no apparent reason, panic is setting in. Need advice.",Anxiety
"Lately, Cannot control these sudden drastic shifts in my emotions and energy levels. #mentalhealth",Bi-Polar
I feel like Tired of pretending to be okay when I feel so alone and hollow. ...,Depression
"Right now, No time for self-care or relaxation, constantly running on fumes. Sigh.",Stress
"Honestly, So stressed out that I can barely concentrate on basic tasks. #mentalhealth",Stress
I feel like Feeling disconnected from reality and my own sense of identity. ...,Personality Disorder
I feel like Constantly feeling empty inside and seeking external validation desperately. #mentalhealth,Personality Disorder
"Right now, Swinging between intense enthusiasm and devastating deep despair rapidly. Sigh.",Bi-Polar
"Today: Worried about the future all the time, my mind just won't rest. #mentalhealth",Anxiety
"Lately, Fear of abandonment makes me push people away before they leave me. Sigh.",Personality Disorder
"Right now, Headaches every day from constant tension and unrelenting strain. Sigh.",Stress
"Honestly, Sudden wave of panic made it hard to breathe properly in public. Anyone else feel this?",Anxiety
I feel like Feel like I am going to explode if one more thing goes wrong today. #mentalhealth,Stress
"Today: Feeling hyperactive and spending money impulsively, then sudden dark crash. #mentalhealth",Bi-Polar
"Today: Unsure of who I really am, identity feels fragmented and empty constantly.",Personality Disorder
"Today: Reached my absolute limit, losing all hope for any recovery or peace. Anyone else feel this?",Suicidal
"Right now, Swinging between intense enthusiasm and devastating deep despair rapidly. Anyone else feel this?",Bi-Polar
"Honestly, Feel like everyone would be better off without me existing around. Sigh.",Suicidal
I feel like Tightness in my chest and constant feeling that something terrible will happen. ...,Anxiety
"Honestly, Cannot control these sudden drastic shifts in my emotions and energy levels. ...",Bi-Polar
Isolating myself from friends because I don't have the energy to talk. Sigh.,Depression
Today: Volatile mood shifts and chronic fear of rejection dominating my daily life. #mentalhealth,Personality Disorder
"Honestly, Feel extremely nervous about tomorrow's meeting, hands are shaking. #mentalhealth",Anxiety
"Waking up feeling heavy and empty, waiting for the day to just end. #mentalhealth",Depression
"Honestly, No time for self-care or relaxation, constantly running on fumes.",Stress
"Lately, Impulsive behavior and sudden anger outbursts that I deeply regret after. #mentalhealth",Personality Disorder
"I feel like Feeling like giving up on everything, cannot carry this heavy pain. Need advice.",Suicidal
"Right now, Constant feeling of sadness and hopelessness that won't go away. Anyone else feel this?",Depression
"Lately, Completed my workout session and feel energized for the upcoming week. Need advice.",Normal
"Today: Intense unstable relationships, loving someone one minute and hating them next. ...",Personality Disorder
Feel like I am going to explode if one more thing goes wrong today. ...,Stress
I feel like Fear of abandonment makes me push people away before they leave me. #mentalhealth,Personality Disorder
Today: Tightness in my chest and constant feeling that something terrible will happen. #mentalhealth,Anxiety
Feel like I am going to explode if one more thing goes wrong today. #mentalhealth,Stress
Today: Difficulty maintaining stable connections due to emotional turbulence. Need advice.,Personality Disorder
"I feel like Feel extremely nervous about tomorrow's meeting, hands are shaking. Anyone else feel this?",Anxiety
Cooking dinner with loved ones and watching a pleasant movie tonight. Sigh.,Normal
I feel like Dark thoughts keep creeping in whenever I am left alone in silence. Need advice.,Depression
"Lately, Feeling grateful for good health and peaceful sunny weather today. Need advice.",Normal
"Honestly, Cooking dinner with loved ones and watching a pleasant movie tonight. Anyone else feel this?",Normal
I feel like Social situations make me feel overwhelmed and deeply uncomfortable.,Anxiety
"Today: Feeling hyperactive and spending money impulsively, then sudden dark crash. Anyone else feel this?",Bi-Polar
"I feel like Feeling completely empty inside, nothing seems to bring joy anymore. Sigh.",Depression
Today: Overanalyzing past conversations over and over again in my head. ...,Anxiety
"Right now, Isolating myself from friends because I don't have the energy to talk. Need advice.",Depression
I feel like Just finished reading a fantastic book on history and science. #mentalhealth,Normal
"Honestly, Feeling grateful for good health and peaceful sunny weather today.",Normal
Wishing I could just disappear and never wake up ever again. Need advice.,Suicidal
"Today: Waking up feeling heavy and empty, waiting for the day to just end. #mentalhealth",Depression
"Honestly, Dark thoughts keep creeping in whenever I am left alone in silence. Anyone else feel this?",Depression
Volatile mood shifts and chronic fear of rejection dominating my daily life. Sigh.,Personality Disorder
"I feel like My heart is racing fast for no apparent reason, panic is setting in.",Anxiety
Cannot sleep properly due to overwhelming work pressure and exams. Need advice.,Stress
Struggling to find stability when my mind switches extremes constantly. #mentalhealth,Bi-Polar
"Honestly, Terrified of making mistakes and failing in front of everybody. Sigh.",Anxiety
"Right now, Constantly feeling empty inside and seeking external validation desperately. #mentalhealth",Personality Disorder
Feel like I am going to explode if one more thing goes wrong today. #mentalhealth,Stress
"I feel like Feeling like giving up on everything, cannot carry this heavy pain. Anyone else feel this?",Suicidal
"Honestly, Deep inescapable dark pit, desperate for an end to this torment. ...",Suicidal
"Right now, Deep inescapable dark pit, desperate for an end to this torment.",Suicidal
"Today: Worried about the future all the time, my mind just won't rest. Anyone else feel this?",Anxiety
"Today: Deep inescapable dark pit, desperate for an end to this torment. #mentalhealth",Suicidal
"Honestly, Goodbyes feel closer than ever, I am completely broken beyond repair. Anyone else feel this?",Suicidal
"Honestly, Feeling hyperactive and spending money impulsively, then sudden dark crash. Sigh.",Bi-Polar
"Honestly, Struggling to find stability when my mind switches extremes constantly. Anyone else feel this?",Bi-Polar
"Lately, Constantly feeling empty inside and seeking external validation desperately. Sigh.",Personality Disorder
Today: Peaceful Sunday morning relaxing with fresh tea and acoustic music. ...,Normal
"I feel like Waking up feeling heavy and empty, waiting for the day to just end.",Depression
"Lately, Spent 48 hours awake feeling on top of the world, now completely hopeless. Need advice.",Bi-Polar
"I feel like Goodbyes feel closer than ever, I am completely broken beyond repair.",Suicidal
"Right now, My heart is racing fast for no apparent reason, panic is setting in.",Anxiety
"Honestly, Extreme mood swings are ruining my life, going from high euphoria to deep depression. Need advice.",Bi-Polar
Today: Impulsive behavior and sudden anger outbursts that I deeply regret after. ...,Personality Disorder
Today: Deadlines piling up rapidly and I am drowning under immense pressure. #mentalhealth,Stress
Today: Deadlines piling up rapidly and I am drowning under immense pressure. Need advice.,Stress
"Right now, No time for self-care or relaxation, constantly running on fumes. Need advice.",Stress
"I feel like Reached my absolute limit, losing all hope for any recovery or peace. Sigh.",Suicidal
"Honestly, Had a great day spending time with family and friends at the park.",Normal
"Lately, So stressed out that I can barely concentrate on basic tasks. ...",Stress
Today: Volatile mood shifts and chronic fear of rejection dominating my daily life. Sigh.,Personality Disorder
I feel like So stressed out that I can barely concentrate on basic tasks.,Stress
"I feel like Lost interest in all my hobbies, just feel numb and detached.",Depression
I feel like Searching for a way out of this endless darkness and hopeless agony. ...,Suicidal
"Honestly, Really enjoying learning python programming and data science lately. Sigh.",Normal
"Honestly, Unpredictable emotional waves driving away the people who care about me. #mentalhealth",Bi-Polar
Today: Feel like I am going to explode if one more thing goes wrong today. Anyone else feel this?,Stress
"Honestly, Unsure of who I really am, identity feels fragmented and empty constantly. Need advice.",Personality Disorder
"Right now, Emotional reactions feel completely out of proportion to situations. Sigh.",Personality Disorder
Headaches every day from constant tension and unrelenting strain. #mentalhealth,Stress
I feel like Just finished reading a fantastic book on history and science. Need advice.,Normal
Today: Constantly feeling empty inside and seeking external validation desperately. #mentalhealth,Personality Disorder
I feel like Overanalyzing past conversations over and over again in my head. Need advice.,Anxiety
I feel like Constant feeling of sadness and hopelessness that won't go away.,Depression
I feel like Feeling utterly defeated with zero reasons to keep fighting anymore. #mentalhealth,Suicidal
"Right now, Social situations make me feel overwhelmed and deeply uncomfortable.",Anxiety
"Right now, Social situations make me feel overwhelmed and deeply uncomfortable. ...",Anxiety
"Today: Working 14 hours a day with zero rest, completely burned out.",Stress
"Right now, Constant feeling of sadness and hopelessness that won't go away. ...",Depression
"Today: Struggling to get out of bed every morning, everything feels overwhelming.",Depression
"Honestly, Really enjoying learning python programming and data science lately.",Normal
Today: Tightness in my chest and constant feeling that something terrible will happen. #mentalhealth,Anxiety
"Right now, So stressed out that I can barely concentrate on basic tasks. Need advice.",Stress
Today: Volatile mood shifts and chronic fear of rejection dominating my daily life. Sigh.,Personality Disorder
Today: Had a great day spending time with family and friends at the park. #mentalhealth,Normal
Volatile mood shifts and chronic fear of rejection dominating my daily life. #mentalhealth,Personality Disorder
I feel like Isolating myself from friends because I don't have the energy to talk. Anyone else feel this?,Depression
"Honestly, Working 14 hours a day with zero rest, completely burned out. ...",Stress
Today: Wishing I could just disappear and never wake up ever again. Sigh.,Suicidal
I feel like Dark thoughts keep creeping in whenever I am left alone in silence. Anyone else feel this?,Depression
"Lately, Really enjoying learning python programming and data science lately. #mentalhealth",Normal
"Honestly, Exhausted physically and mentally from non-stop high-pressure environment. Need advice.",Stress
"I feel like Feel like a burden to everyone around me, nobody really understands. Need advice.",Depression
"Right now, Worried about the future all the time, my mind just won't rest. Anyone else feel this?",Anxiety
"Lately, Swinging between intense enthusiasm and devastating deep despair rapidly. Sigh.",Bi-Polar
I feel like Really enjoying learning python programming and data science lately. ...,Normal
"Right now, Cannot stop overthinking every minor detail, constant dread. Need advice.",Anxiety
I feel like Sudden wave of panic made it hard to breathe properly in public. Need advice.,Anxiety
I feel like Had a great day spending time with family and friends at the park.,Normal
"Lately, Constant feeling of sadness and hopelessness that won't go away. ...",Depression
"Right now, Cannot sleep properly due to overwhelming work pressure and exams. Need advice.",Stress
Tightness in my chest and constant feeling that something terrible will happen. Sigh.,Anxiety
"Today: Feeling hyperactive and spending money impulsively, then sudden dark crash. Anyone else feel this?",Bi-Polar
Just finished reading a fantastic book on history and science. ...,Normal
"Honestly, Reached my absolute limit, losing all hope for any recovery or peace. Need advice.",Suicidal
Cooking dinner with loved ones and watching a pleasant movie tonight. #mentalhealth,Normal
"Honestly, Spent 48 hours awake feeling on top of the world, now completely hopeless. ...",Bi-Polar
"I feel like Spent 48 hours awake feeling on top of the world, now completely hopeless. Need advice.",Bi-Polar
"Honestly, Worried about the future all the time, my mind just won't rest. Sigh.",Anxiety
"Lately, Terrified of making mistakes and failing in front of everybody. Sigh.",Anxiety
"Honestly, Worried about the future all the time, my mind just won't rest.",Anxiety
"I feel like Restless thoughts keeping me awake all night long, constant fear.",Anxiety
Fear of abandonment makes me push people away before they leave me. Anyone else feel this?,Personality Disorder
Cooking dinner with loved ones and watching a pleasant movie tonight. ...,Normal
"Feeling completely empty inside, nothing seems to bring joy anymore. ...",Depression
Racing thoughts and bursts of chaotic creativity followed by total paralysis. Anyone else feel this?,Bi-Polar
"Today: Restless thoughts keeping me awake all night long, constant fear. ...",Anxiety
"Right now, Manic episode made me feel unstoppable, now dealing with severe aftermath. #mentalhealth",Bi-Polar
Today: Racing thoughts and bursts of chaotic creativity followed by total paralysis. Need advice.,Bi-Polar
"Honestly, Cooking dinner with loved ones and watching a pleasant movie tonight. Sigh.",Normal
"Honestly, Constantly feeling empty inside and seeking external validation desperately. Anyone else feel this?",Personality Disorder
"Right now, Juggling multiple projects without any support is breaking me down. Sigh.",Stress
"Lately, Volatile mood shifts and chronic fear of rejection dominating my daily life.",Personality Disorder
Headaches every day from constant tension and unrelenting strain. Sigh.,Stress
Today: Completed my workout session and feel energized for the upcoming week. #mentalhealth,Normal
"Lately, Fear of abandonment makes me push people away before they leave me. ...",Personality Disorder
Today: Feeling utterly defeated with zero reasons to keep fighting anymore. Anyone else feel this?,Suicidal
Today: Searching for a way out of this endless darkness and hopeless agony.,Suicidal
"I feel like One day I feel invincible with unlimited energy, next day I can't leave bed.",Bi-Polar
"Lately, Tightness in my chest and constant feeling that something terrible will happen. Need advice.",Anxiety
"I feel like Rapidly shifting perceptions of self and others, struggle with trust. Anyone else feel this?",Personality Disorder
"Today: Worried about the future all the time, my mind just won't rest. #mentalhealth",Anxiety
"Lately, Unsure of who I really am, identity feels fragmented and empty constantly. Sigh.",Personality Disorder
"No time for self-care or relaxation, constantly running on fumes. Need advice.",Stress
Today: Peaceful Sunday morning relaxing with fresh tea and acoustic music. Anyone else feel this?,Normal
I feel like Fear of abandonment makes me push people away before they leave me. Anyone else feel this?,Personality Disorder
"Lately, Emotional reactions feel completely out of proportion to situations. #mentalhealth",Personality Disorder
"Lately, Wishing I could just disappear and never wake up ever again. Anyone else feel this?",Suicidal
"Lately, Everything is going smoothly at work, accomplished all key goals.",Normal
"Right now, The mental agony is unbearable, don't know how much longer I can endure. Anyone else feel this?",Suicidal
"Lately, One day I feel invincible with unlimited energy, next day I can't leave bed. ...",Bi-Polar
"I feel like Extreme mood swings are ruining my life, going from high euphoria to deep depression. ...",Bi-Polar
"Lately, Had a great day spending time with family and friends at the park.",Normal
"Right now, Deep inescapable dark pit, desperate for an end to this torment. Need advice.",Suicidal
I feel like Sudden wave of panic made it hard to breathe properly in public.,Anxiety
"Honestly, Feeling utterly defeated with zero reasons to keep fighting anymore.",Suicidal
"Honestly, Difficulty maintaining stable connections due to emotional turbulence. Anyone else feel this?",Personality Disorder
Today: Cooking dinner with loved ones and watching a pleasant movie tonight. ...,Normal
Feel like I am going to explode if one more thing goes wrong today. ...,Stress
"Right now, Unsure of who I really am, identity feels fragmented and empty constantly. #mentalhealth",Personality Disorder
I feel like Feeling utterly defeated with zero reasons to keep fighting anymore. Anyone else feel this?,Suicidal
"Lately, So stressed out that I can barely concentrate on basic tasks. #mentalhealth",Stress
"Lately, My heart is racing fast for no apparent reason, panic is setting in. Sigh.",Anxiety
Today: Feel like I am going to explode if one more thing goes wrong today. Anyone else feel this?,Stress
"Right now, Isolating myself from friends because I don't have the energy to talk. #mentalhealth",Depression
"Right now, Overanalyzing past conversations over and over again in my head. Sigh.",Anxiety
I feel like Cooking dinner with loved ones and watching a pleasant movie tonight. Need advice.,Normal
"Right now, Dark thoughts keep creeping in whenever I am left alone in silence. #mentalhealth",Depression
I feel like Sudden wave of panic made it hard to breathe properly in public. Need advice.,Anxiety
"Lately, Restless thoughts keeping me awake all night long, constant fear. ...",Anxiety
"I feel like Restless thoughts keeping me awake all night long, constant fear. Anyone else feel this?",Anxiety
"Feeling hyperactive and spending money impulsively, then sudden dark crash. Need advice.",Bi-Polar
"Honestly, The mental agony is unbearable, don't know how much longer I can endure. Need advice.",Suicidal
"Honestly, Reached my absolute limit, losing all hope for any recovery or peace.",Suicidal
"Honestly, Volatile mood shifts and chronic fear of rejection dominating my daily life. Anyone else feel this?",Personality Disorder
Today: Unpredictable emotional waves driving away the people who care about me. Need advice.,Bi-Polar
"Deep inescapable dark pit, desperate for an end to this torment. #mentalhealth",Suicidal
"Lately, Cannot stop overthinking every minor detail, constant dread.",Anxiety
Today: Deadlines piling up rapidly and I am drowning under immense pressure.,Stress
"Today: Feel like a burden to everyone around me, nobody really understands. Sigh.",Depression
"Honestly, The mental agony is unbearable, don't know how much longer I can endure. Need advice.",Suicidal
I feel like Exhausted physically and mentally from non-stop high-pressure environment. Sigh.,Stress
"Honestly, I just want the noise in my head to stop permanently. #mentalhealth",Suicidal
"Right now, Constantly feeling empty inside and seeking external validation desperately. ...",Personality Disorder
Social situations make me feel overwhelmed and deeply uncomfortable. Anyone else feel this?,Anxiety
"Extreme mood swings are ruining my life, going from high euphoria to deep depression. Sigh.",Bi-Polar
I feel like Social situations make me feel overwhelmed and deeply uncomfortable. ...,Anxiety
"Honestly, Feel like I am going to explode if one more thing goes wrong today. Need advice.",Stress
"Right now, One day I feel invincible with unlimited energy, next day I can't leave bed. Anyone else feel this?",Bi-Polar
"Right now, Manic episode made me feel unstoppable, now dealing with severe aftermath. Need advice.",Bi-Polar
"Lately, Feeling disconnected from reality and my own sense of identity. Need advice.",Personality Disorder
Had a great day spending time with family and friends at the park.,Normal
"Lately, Feel extremely nervous about tomorrow's meeting, hands are shaking. ...",Anxiety
"Spent 48 hours awake feeling on top of the world, now completely hopeless. Need advice.",Bi-Polar
So stressed out that I can barely concentrate on basic tasks. Need advice.,Stress
"Honestly, Restless thoughts keeping me awake all night long, constant fear. Need advice.",Anxiety
"Lately, Feeling grateful for good health and peaceful sunny weather today.",Normal
"Feel extremely nervous about tomorrow's meeting, hands are shaking. Anyone else feel this?",Anxiety
"Right now, Working 14 hours a day with zero rest, completely burned out. Sigh.",Stress
I feel like Isolating myself from friends because I don't have the energy to talk. ...,Depression
"Honestly, Sudden wave of panic made it hard to breathe properly in public. #mentalhealth",Anxiety
"Honestly, Feeling utterly defeated with zero reasons to keep fighting anymore. #mentalhealth",Suicidal
"Honestly, Unpredictable emotional waves driving away the people who care about me. #mentalhealth",Bi-Polar
"I feel like Deep inescapable dark pit, desperate for an end to this torment. Anyone else feel this?",Suicidal
Overanalyzing past conversations over and over again in my head. #mentalhealth,Anxiety
I feel like Feel like I am going to explode if one more thing goes wrong today.,Stress
I feel like Struggling to find stability when my mind switches extremes constantly. Sigh.,Bi-Polar
"Lately, Feel like everyone would be better off without me existing around. ...",Suicidal
Today: Feeling grateful for good health and peaceful sunny weather today. Need advice.,Normal
Looking forward to the weekend getaway with my university roommates. Need advice.,Normal
"Honestly, Racing thoughts and bursts of chaotic creativity followed by total paralysis. Sigh.",Bi-Polar
Peaceful Sunday morning relaxing with fresh tea and acoustic music. ...,Normal
"Lately, Feeling disconnected from reality and my own sense of identity. Anyone else feel this?",Personality Disorder
"Right now, Cooking dinner with loved ones and watching a pleasant movie tonight. Need advice.",Normal
"Right now, Feeling like giving up on everything, cannot carry this heavy pain. Anyone else feel this?",Suicidal
I feel like Had a great day spending time with family and friends at the park. #mentalhealth,Normal
"Honestly, Why does life feel so exhausting and pointless every single day? Need advice.",Depression
"I feel like Restless thoughts keeping me awake all night long, constant fear. Sigh.",Anxiety
"Lately, Goodbyes feel closer than ever, I am completely broken beyond repair. #mentalhealth",Suicidal
Overanalyzing past conversations over and over again in my head. #mentalhealth,Anxiety
"Right now, Feeling hyperactive and spending money impulsively, then sudden dark crash. Sigh.",Bi-Polar
Tried a new coffee blend today and it was surprisingly delicious. Need advice.,Normal
"Honestly, Unsure of who I really am, identity feels fragmented and empty constantly. Sigh.",Personality Disorder
"I feel like One day I feel invincible with unlimited energy, next day I can't leave bed.",Bi-Polar
"Lately, Impulsive behavior and sudden anger outbursts that I deeply regret after. Sigh.",Personality Disorder
"Honestly, Dark thoughts keep creeping in whenever I am left alone in silence. ...",Depression
Today: Headaches every day from constant tension and unrelenting strain. Sigh.,Stress
"Lately, Why does life feel so exhausting and pointless every single day?",Depression
I feel like Isolating myself from friends because I don't have the energy to talk. Sigh.,Depression
"Right now, Just finished reading a fantastic book on history and science. Need advice.",Normal
I feel like I just want the noise in my head to stop permanently. #mentalhealth,Suicidal
Really enjoying learning python programming and data science lately. Sigh.,Normal
"Lately, The mental agony is unbearable, don't know how much longer I can endure. ...",Suicidal
I feel like Overanalyzing past conversations over and over again in my head. Sigh.,Anxiety
Today: Cooking dinner with loved ones and watching a pleasant movie tonight. #mentalhealth,Normal
"Lately, Intense unstable relationships, loving someone one minute and hating them next. Sigh.",Personality Disorder
I feel like I just want the noise in my head to stop permanently. Need advice.,Suicidal
"Honestly, Feel like I am going to explode if one more thing goes wrong today. Sigh.",Stress
"Honestly, Searching for a way out of this endless darkness and hopeless agony. ...",Suicidal
"Right now, Fear of abandonment makes me push people away before they leave me. #mentalhealth",Personality Disorder
"Lately, Just finished reading a fantastic book on history and science.",Normal
"Right now, Manic episode made me feel unstoppable, now dealing with severe aftermath. Anyone else feel this?",Bi-Polar
I feel like Terrified of making mistakes and failing in front of everybody. ...,Anxiety
I feel like Peaceful Sunday morning relaxing with fresh tea and acoustic music. Anyone else feel this?,Normal
"Right now, Unpredictable emotional waves driving away the people who care about me. #mentalhealth",Bi-Polar
"Right now, Constantly feeling empty inside and seeking external validation desperately. Need advice.",Personality Disorder
I feel like Overanalyzing past conversations over and over again in my head. Anyone else feel this?,Anxiety
"I feel like Cannot stop overthinking every minor detail, constant dread.",Anxiety
"Manic episode made me feel unstoppable, now dealing with severe aftermath.",Bi-Polar
Today: Terrified of making mistakes and failing in front of everybody. #mentalhealth,Anxiety
Today: I just want the noise in my head to stop permanently. ...,Suicidal
"Right now, Lost interest in all my hobbies, just feel numb and detached. Anyone else feel this?",Depression
"Right now, Deadlines piling up rapidly and I am drowning under immense pressure. Need advice.",Stress
Today: Why does life feel so exhausting and pointless every single day? Sigh.,Depression
"Honestly, Cooking dinner with loved ones and watching a pleasant movie tonight. #mentalhealth",Normal
"Today: Too many responsibilities at once, feeling extremely tense and irritable.",Stress
"Honestly, Had a great day spending time with family and friends at the park. Anyone else feel this?",Normal
"I feel like Restless thoughts keeping me awake all night long, constant fear.",Anxiety
I feel like Feeling disconnected from reality and my own sense of identity. Need advice.,Personality Disorder
"Lately, Spent 48 hours awake feeling on top of the world, now completely hopeless. Anyone else feel this?",Bi-Polar
"Intense unstable relationships, loving someone one minute and hating them next.",Personality Disorder
"Honestly, Tightness in my chest and constant feeling that something terrible will happen.",Anxiety
"Right now, Deep inescapable dark pit, desperate for an end to this torment. #mentalhealth",Suicidal
"Waking up feeling heavy and empty, waiting for the day to just end. Need advice.",Depression
"Lately, Feeling grateful for good health and peaceful sunny weather today. Anyone else feel this?",Normal
"I feel like Lost interest in all my hobbies, just feel numb and detached. Sigh.",Depression
"Worried about the future all the time, my mind just won't rest. Need advice.",Anxiety
"Right now, Cannot control these sudden drastic shifts in my emotions and energy levels. ...",Bi-Polar
Why does life feel so exhausting and pointless every single day? #mentalhealth,Depression
"Today: One day I feel invincible with unlimited energy, next day I can't leave bed. #mentalhealth",Bi-Polar
Feeling utterly defeated with zero reasons to keep fighting anymore. #mentalhealth,Suicidal
"Right now, Cannot control these sudden drastic shifts in my emotions and energy levels. Sigh.",Bi-Polar
Today: Volatile mood shifts and chronic fear of rejection dominating my daily life. Sigh.,Personality Disorder
"Lately, Headaches every day from constant tension and unrelenting strain.",Stress
"Today: No time for self-care or relaxation, constantly running on fumes. ...",Stress
"Honestly, Isolating myself from friends because I don't have the energy to talk. Sigh.",Depression
I feel like Deadlines piling up rapidly and I am drowning under immense pressure.,Stress
"Honestly, Completed my workout session and feel energized for the upcoming week. #mentalhealth",Normal
Tired of pretending to be okay when I feel so alone and hollow. ...,Depression
"Honestly, Wishing I could just disappear and never wake up ever again. Anyone else feel this?",Suicidal
Today: Constantly feeling empty inside and seeking external validation desperately. Sigh.,Personality Disorder
"Lately, Struggling to find stability when my mind switches extremes constantly. ...",Bi-Polar
"Lately, Unsure of who I really am, identity feels fragmented and empty constantly. Anyone else feel this?",Personality Disorder
"Right now, Wishing I could just disappear and never wake up ever again. Sigh.",Suicidal
"Honestly, Restless thoughts keeping me awake all night long, constant fear. Sigh.",Anxiety
Fear of abandonment makes me push people away before they leave me. Need advice.,Personality Disorder
"I feel like Cannot stop overthinking every minor detail, constant dread. Anyone else feel this?",Anxiety
"Honestly, Feel like I am going to explode if one more thing goes wrong today. Sigh.",Stress
"Honestly, Peaceful Sunday morning relaxing with fresh tea and acoustic music. Sigh.",Normal
"Right now, Lost interest in all my hobbies, just feel numb and detached. Anyone else feel this?",Depression
Today: Feeling disconnected from reality and my own sense of identity.,Personality Disorder
I feel like Really enjoying learning python programming and data science lately. #mentalhealth,Normal
"Lately, Volatile mood shifts and chronic fear of rejection dominating my daily life.",Personality Disorder
I feel like Social situations make me feel overwhelmed and deeply uncomfortable. Anyone else feel this?,Anxiety
"Honestly, Isolating myself from friends because I don't have the energy to talk. #mentalhealth",Depression
"Right now, Feeling utterly defeated with zero reasons to keep fighting anymore. Sigh.",Suicidal
Today: Feel like everyone would be better off without me existing around. Anyone else feel this?,Suicidal
"Honestly, Feel like a burden to everyone around me, nobody really understands.",Depression
"Lately, Cannot control these sudden drastic shifts in my emotions and energy levels. #mentalhealth",Bi-Polar
"Right now, Dark thoughts keep creeping in whenever I am left alone in silence. Sigh.",Depression
"Today: No time for self-care or relaxation, constantly running on fumes. Sigh.",Stress
"Lately, The mental agony is unbearable, don't know how much longer I can endure. #mentalhealth",Suicidal
Today: Looking forward to the weekend getaway with my university roommates. Need advice.,Normal
"Right now, Isolating myself from friends because I don't have the energy to talk. Need advice.",Depression
Today: Looking forward to the weekend getaway with my university roommates. #mentalhealth,Normal
"One day I feel invincible with unlimited energy, next day I can't leave bed. #mentalhealth",Bi-Polar
"I feel like The mental agony is unbearable, don't know how much longer I can endure.",Suicidal
"Honestly, Unsure of who I really am, identity feels fragmented and empty constantly.",Personality Disorder
Feeling grateful for good health and peaceful sunny weather today. ...,Normal
"Honestly, Feeling disconnected from reality and my own sense of identity. #mentalhealth",Personality Disorder
"Today: Manic episode made me feel unstoppable, now dealing with severe aftermath. Sigh.",Bi-Polar
Today: Had a great day spending time with family and friends at the park. Sigh.,Normal
Juggling multiple projects without any support is breaking me down. #mentalhealth,Stress
Today: Cannot control these sudden drastic shifts in my emotions and energy levels.,Bi-Polar
"Lately, Impulsive behavior and sudden anger outbursts that I deeply regret after.",Personality Disorder
"I feel like Cannot stop overthinking every minor detail, constant dread. Need advice.",Anxiety
"Right now, Why does life feel so exhausting and pointless every single day? #mentalhealth",Depression
"Lately, Working 14 hours a day with zero rest, completely burned out. #mentalhealth",Stress
"Right now, Manic episode made me feel unstoppable, now dealing with severe aftermath.",Bi-Polar
Today: Searching for a way out of this endless darkness and hopeless agony. Need advice.,Suicidal
"Lately, Had a great day spending time with family and friends at the park. Sigh.",Normal
"Honestly, Unpredictable emotional waves driving away the people who care about me. #mentalhealth",Bi-Polar
"Honestly, Racing thoughts and bursts of chaotic creativity followed by total paralysis.",Bi-Polar
"Right now, Feeling hyperactive and spending money impulsively, then sudden dark crash. ...",Bi-Polar
"Intense unstable relationships, loving someone one minute and hating them next. #mentalhealth",Personality Disorder
"Right now, Deadlines piling up rapidly and I am drowning under immense pressure. Need advice.",Stress
"Goodbyes feel closer than ever, I am completely broken beyond repair. #mentalhealth",Suicidal
"Honestly, Rapidly shifting perceptions of self and others, struggle with trust. ...",Personality Disorder
"Today: Feel extremely nervous about tomorrow's meeting, hands are shaking. Sigh.",Anxiety
"Right now, Spent 48 hours awake feeling on top of the world, now completely hopeless. #mentalhealth",Bi-Polar
"Today: Too many responsibilities at once, feeling extremely tense and irritable. ...",Stress
"Honestly, Rapidly shifting perceptions of self and others, struggle with trust.",Personality Disorder
"Honestly, Emotional reactions feel completely out of proportion to situations. Need advice.",Personality Disorder
I feel like Dark thoughts keep creeping in whenever I am left alone in silence. ...,Depression
"I feel like One day I feel invincible with unlimited energy, next day I can't leave bed. ...",Bi-Polar
"Lately, Constantly feeling empty inside and seeking external validation desperately. Sigh.",Personality Disorder
"I feel like Everything is going smoothly at work, accomplished all key goals. Need advice.",Normal
"Lately, I just want the noise in my head to stop permanently. Need advice.",Suicidal
"Lately, Really enjoying learning python programming and data science lately. #mentalhealth",Normal
"Right now, One day I feel invincible with unlimited energy, next day I can't leave bed.",Bi-Polar
"Right now, Unsure of who I really am, identity feels fragmented and empty constantly. Anyone else feel this?",Personality Disorder
Today: Searching for a way out of this endless darkness and hopeless agony. #mentalhealth,Suicidal
"Lately, I just want the noise in my head to stop permanently. ...",Suicidal
"Honestly, Sudden wave of panic made it hard to breathe properly in public. Sigh.",Anxiety
"Honestly, Racing thoughts and bursts of chaotic creativity followed by total paralysis. #mentalhealth",Bi-Polar
"No time for self-care or relaxation, constantly running on fumes. #mentalhealth",Stress
Fear of abandonment makes me push people away before they leave me. #mentalhealth,Personality Disorder
"I feel like Worried about the future all the time, my mind just won't rest.",Anxiety
Today: Dark thoughts keep creeping in whenever I am left alone in silence. Sigh.,Depression
"Right now, Emotional reactions feel completely out of proportion to situations. ...",Personality Disorder
Today: Cooking dinner with loved ones and watching a pleasant movie tonight. Need advice.,Normal
"Right now, Cannot control these sudden drastic shifts in my emotions and energy levels. Need advice.",Bi-Polar
"Lately, Juggling multiple projects without any support is breaking me down. Need advice.",Stress
Today: Just finished reading a fantastic book on history and science.,Normal
"Lately, The mental agony is unbearable, don't know how much longer I can endure. Sigh.",Suicidal
I feel like Searching for a way out of this endless darkness and hopeless agony. Sigh.,Suicidal
"Lately, Cannot control these sudden drastic shifts in my emotions and energy levels. #mentalhealth",Bi-Polar
I feel like Just finished reading a fantastic book on history and science. Anyone else feel this?,Normal
I feel like Social situations make me feel overwhelmed and deeply uncomfortable. Anyone else feel this?,Anxiety
"Right now, Really enjoying learning python programming and data science lately.",Normal
I feel like Feel like everyone would be better off without me existing around. Need advice.,Suicidal
"Honestly, Wishing I could just disappear and never wake up ever again. Anyone else feel this?",Suicidal
Tried a new coffee blend today and it was surprisingly delicious. Sigh.,Normal
"I feel like Spent 48 hours awake feeling on top of the world, now completely hopeless.",Bi-Polar
"Today: Waking up feeling heavy and empty, waiting for the day to just end. #mentalhealth",Depression
"Honestly, Social situations make me feel overwhelmed and deeply uncomfortable. Sigh.",Anxiety
"Right now, Intense unstable relationships, loving someone one minute and hating them next.",Personality Disorder
Today: Had a great day spending time with family and friends at the park. Anyone else feel this?,Normal
"Honestly, Terrified of making mistakes and failing in front of everybody. Need advice.",Anxiety
"Lately, Reached my absolute limit, losing all hope for any recovery or peace. Anyone else feel this?",Suicidal
I feel like Emotional reactions feel completely out of proportion to situations.,Personality Disorder
Cooking dinner with loved ones and watching a pleasant movie tonight. Sigh.,Normal
"Honestly, Feeling utterly defeated with zero reasons to keep fighting anymore. Need advice.",Suicidal
Today: Feel like everyone would be better off without me existing around. Anyone else feel this?,Suicidal
"Lately, No time for self-care or relaxation, constantly running on fumes. Need advice.",Stress
Today: Had a great day spending time with family and friends at the park. ...,Normal
I feel like Why does life feel so exhausting and pointless every single day? Sigh.,Depression
"Lately, Unpredictable emotional waves driving away the people who care about me.",Bi-Polar
I feel like Looking forward to the weekend getaway with my university roommates. Sigh.,Normal
"Honestly, Isolating myself from friends because I don't have the energy to talk.",Depression
I feel like Cooking dinner with loved ones and watching a pleasant movie tonight. ...,Normal
I feel like Cooking dinner with loved ones and watching a pleasant movie tonight. Sigh.,Normal
"Right now, Feel like a burden to everyone around me, nobody really understands. Need advice.",Depression
Really enjoying learning python programming and data science lately.,Normal
I feel like Tired of pretending to be okay when I feel so alone and hollow. Sigh.,Depression
"Right now, Feeling disconnected from reality and my own sense of identity. #mentalhealth",Personality Disorder
Feeling disconnected from reality and my own sense of identity. Anyone else feel this?,Personality Disorder
"Honestly, Impulsive behavior and sudden anger outbursts that I deeply regret after. #mentalhealth",Personality Disorder
Today: Deadlines piling up rapidly and I am drowning under immense pressure. #mentalhealth,Stress
Feeling grateful for good health and peaceful sunny weather today. Anyone else feel this?,Normal
I feel like Swinging between intense enthusiasm and devastating deep despair rapidly. Need advice.,Bi-Polar
Juggling multiple projects without any support is breaking me down. Anyone else feel this?,Stress
"Today: Spent 48 hours awake feeling on top of the world, now completely hopeless.",Bi-Polar
"Right now, Juggling multiple projects without any support is breaking me down. #mentalhealth",Stress
Today: Struggling to find stability when my mind switches extremes constantly. ...,Bi-Polar
"Right now, Volatile mood shifts and chronic fear of rejection dominating my daily life. Anyone else feel this?",Personality Disorder
"Right now, Feel like a burden to everyone around me, nobody really understands. Sigh.",Depression
"Lately, Terrified of making mistakes and failing in front of everybody. Need advice.",Anxiety
I feel like Cooking dinner with loved ones and watching a pleasant movie tonight. Sigh.,Normal
"Right now, Juggling multiple projects without any support is breaking me down. Sigh.",Stress
"Lately, Struggling to get out of bed every morning, everything feels overwhelming. Anyone else feel this?",Depression
"I feel like Restless thoughts keeping me awake all night long, constant fear. Need advice.",Anxiety
"Today: Waking up feeling heavy and empty, waiting for the day to just end.",Depression
"Right now, The mental agony is unbearable, don't know how much longer I can endure. #mentalhealth",Suicidal
"I feel like Manic episode made me feel unstoppable, now dealing with severe aftermath. Sigh.",Bi-Polar
Today: Had a great day spending time with family and friends at the park. Sigh.,Normal
"Honestly, Isolating myself from friends because I don't have the energy to talk. Need advice.",Depression
"Today: Deep inescapable dark pit, desperate for an end to this torment.",Suicidal
"Right now, Looking forward to the weekend getaway with my university roommates. Need advice.",Normal
"Lately, Really enjoying learning python programming and data science lately. Anyone else feel this?",Normal
"Honestly, Reached my absolute limit, losing all hope for any recovery or peace.",Suicidal
"Honestly, Dark thoughts keep creeping in whenever I am left alone in silence.",Depression
"Right now, Juggling multiple projects without any support is breaking me down. #mentalhealth",Stress
"Right now, Everything is going smoothly at work, accomplished all key goals. ...",Normal
"Honestly, So stressed out that I can barely concentrate on basic tasks. Sigh.",Stress
"Right now, Worried about the future all the time, my mind just won't rest. Sigh.",Anxiety
"Right now, Lost interest in all my hobbies, just feel numb and detached. ...",Depression
"I feel like Everything is going smoothly at work, accomplished all key goals. Sigh.",Normal
"I feel like Feel extremely nervous about tomorrow's meeting, hands are shaking.",Anxiety
"Honestly, Dark thoughts keep creeping in whenever I am left alone in silence. Need advice.",Depression
"Right now, Completed my workout session and feel energized for the upcoming week. Need advice.",Normal
"Honestly, Restless thoughts keeping me awake all night long, constant fear. #mentalhealth",Anxiety
"Right now, Extreme mood swings are ruining my life, going from high euphoria to deep depression. Sigh.",Bi-Polar
"Right now, Sudden wave of panic made it hard to breathe properly in public. Need advice.",Anxiety
"Right now, Feel extremely nervous about tomorrow's meeting, hands are shaking. Anyone else feel this?",Anxiety
I feel like Difficulty maintaining stable connections due to emotional turbulence. Need advice.,Personality Disorder
"I feel like Extreme mood swings are ruining my life, going from high euphoria to deep depression. Anyone else feel this?",Bi-Polar
"Lately, Just finished reading a fantastic book on history and science. ...",Normal
"Lately, Emotional reactions feel completely out of proportion to situations. ...",Personality Disorder
"I feel like Rapidly shifting perceptions of self and others, struggle with trust. Sigh.",Personality Disorder
"Honestly, My heart is racing fast for no apparent reason, panic is setting in. #mentalhealth",Anxiety
"Lately, Exhausted physically and mentally from non-stop high-pressure environment. Anyone else feel this?",Stress
"Lately, Feeling disconnected from reality and my own sense of identity. Sigh.",Personality Disorder
"Honestly, Impulsive behavior and sudden anger outbursts that I deeply regret after.",Personality Disorder
"Lately, Juggling multiple projects without any support is breaking me down. #mentalhealth",Stress
"Lately, I just want the noise in my head to stop permanently. Anyone else feel this?",Suicidal
"Intense unstable relationships, loving someone one minute and hating them next. Sigh.",Personality Disorder
"Everything is going smoothly at work, accomplished all key goals. Need advice.",Normal
Today: Tired of pretending to be okay when I feel so alone and hollow. ...,Depression
"Right now, Intense unstable relationships, loving someone one minute and hating them next. #mentalhealth",Personality Disorder
"Honestly, Struggling to find stability when my mind switches extremes constantly. ...",Bi-Polar
Feeling disconnected from reality and my own sense of identity. Need advice.,Personality Disorder
"I feel like Reached my absolute limit, losing all hope for any recovery or peace. Need advice.",Suicidal
"I feel like Deep inescapable dark pit, desperate for an end to this torment.",Suicidal
"Today: Feeling hyperactive and spending money impulsively, then sudden dark crash. Sigh.",Bi-Polar
"Everything is going smoothly at work, accomplished all key goals. Need advice.",Normal
"Right now, Reached my absolute limit, losing all hope for any recovery or peace. ...",Suicidal
"Today: Working 14 hours a day with zero rest, completely burned out.",Stress
"Honestly, Feeling like giving up on everything, cannot carry this heavy pain. #mentalhealth",Suicidal
"Lately, Feel like I am going to explode if one more thing goes wrong today. Need advice.",Stress
I feel like Headaches every day from constant tension and unrelenting strain. Anyone else feel this?,Stress
Dark thoughts keep creeping in whenever I am left alone in silence. Anyone else feel this?,Depression
Today: So stressed out that I can barely concentrate on basic tasks. Need advice.,Stress
"Honestly, Why does life feel so exhausting and pointless every single day? ...",Depression
"Lately, Lost interest in all my hobbies, just feel numb and detached. Anyone else feel this?",Depression
"Right now, Cannot sleep properly due to overwhelming work pressure and exams. #mentalhealth",Stress
Isolating myself from friends because I don't have the energy to talk. ...,Depression
"Lately, Difficulty maintaining stable connections due to emotional turbulence.",Personality Disorder
Exhausted physically and mentally from non-stop high-pressure environment. Need advice.,Stress
"Honestly, Difficulty maintaining stable connections due to emotional turbulence.",Personality Disorder
"I feel like Rapidly shifting perceptions of self and others, struggle with trust. Anyone else feel this?",Personality Disorder
"Today: Lost interest in all my hobbies, just feel numb and detached. #mentalhealth",Depression
"Lately, Tried a new coffee blend today and it was surprisingly delicious. Sigh.",Normal
"No time for self-care or relaxation, constantly running on fumes.",Stress
"I feel like Rapidly shifting perceptions of self and others, struggle with trust.",Personality Disorder
Today: Peaceful Sunday morning relaxing with fresh tea and acoustic music. Anyone else feel this?,Normal
"Lately, Really enjoying learning python programming and data science lately. ...",Normal
"Right now, My heart is racing fast for no apparent reason, panic is setting in. Anyone else feel this?",Anxiety
Cooking dinner with loved ones and watching a pleasant movie tonight. Anyone else feel this?,Normal
Today: Had a great day spending time with family and friends at the park.,Normal
"I feel like Rapidly shifting perceptions of self and others, struggle with trust. Sigh.",Personality Disorder
"Right now, Dark thoughts keep creeping in whenever I am left alone in silence. Sigh.",Depression
"Honestly, Peaceful Sunday morning relaxing with fresh tea and acoustic music. #mentalhealth",Normal
"Honestly, Headaches every day from constant tension and unrelenting strain.",Stress
"Lately, Swinging between intense enthusiasm and devastating deep despair rapidly. Need advice.",Bi-Polar
"Today: Goodbyes feel closer than ever, I am completely broken beyond repair. Anyone else feel this?",Suicidal
"Manic episode made me feel unstoppable, now dealing with severe aftermath. ...",Bi-Polar
"Today: Feeling hyperactive and spending money impulsively, then sudden dark crash. Need advice.",Bi-Polar
"Honestly, Dark thoughts keep creeping in whenever I am left alone in silence. Need advice.",Depression
I feel like Feeling utterly defeated with zero reasons to keep fighting anymore. Need advice.,Suicidal
Difficulty maintaining stable connections due to emotional turbulence.,Personality Disorder
"Right now, Spent 48 hours awake feeling on top of the world, now completely hopeless.",Bi-Polar
Today: Unpredictable emotional waves driving away the people who care about me. ...,Bi-Polar
"Honestly, Wishing I could just disappear and never wake up ever again. Anyone else feel this?",Suicidal
Today: Overanalyzing past conversations over and over again in my head. Sigh.,Anxiety
I feel like Wishing I could just disappear and never wake up ever again. #mentalhealth,Suicidal
"Honestly, Cannot stop overthinking every minor detail, constant dread. Need advice.",Anxiety
Overanalyzing past conversations over and over again in my head. ...,Anxiety
"Honestly, Cannot stop overthinking every minor detail, constant dread. Sigh.",Anxiety
"Honestly, Cannot sleep properly due to overwhelming work pressure and exams. ...",Stress
"I feel like One day I feel invincible with unlimited energy, next day I can't leave bed. #mentalhealth",Bi-Polar
"I feel like Everything is going smoothly at work, accomplished all key goals. Sigh.",Normal
"Honestly, Really enjoying learning python programming and data science lately. ...",Normal
"Lately, Feeling completely empty inside, nothing seems to bring joy anymore.",Depression
"Right now, Waking up feeling heavy and empty, waiting for the day to just end. #mentalhealth",Depression
"Lately, Lost interest in all my hobbies, just feel numb and detached. Anyone else feel this?",Depression
"Lately, Tried a new coffee blend today and it was surprisingly delicious. ...",Normal
"Lately, Waking up feeling heavy and empty, waiting for the day to just end. Anyone else feel this?",Depression
Feeling grateful for good health and peaceful sunny weather today. Anyone else feel this?,Normal
"Lately, Rapidly shifting perceptions of self and others, struggle with trust. Sigh.",Personality Disorder
"Right now, No time for self-care or relaxation, constantly running on fumes.",Stress
"Lately, Impulsive behavior and sudden anger outbursts that I deeply regret after.",Personality Disorder
"I feel like Feel like a burden to everyone around me, nobody really understands. #mentalhealth",Depression
I feel like Unpredictable emotional waves driving away the people who care about me. Anyone else feel this?,Bi-Polar
"Today: No time for self-care or relaxation, constantly running on fumes.",Stress
"I feel like Feel extremely nervous about tomorrow's meeting, hands are shaking. ...",Anxiety
"Today: Everything is going smoothly at work, accomplished all key goals. Need advice.",Normal
Today: Looking forward to the weekend getaway with my university roommates. Need advice.,Normal
Had a great day spending time with family and friends at the park. Anyone else feel this?,Normal
"Restless thoughts keeping me awake all night long, constant fear. #mentalhealth",Anxiety
"Lately, Cannot stop overthinking every minor detail, constant dread. ...",Anxiety
"Right now, Goodbyes feel closer than ever, I am completely broken beyond repair. ...",Suicidal
Today: Wishing I could just disappear and never wake up ever again. Sigh.,Suicidal
I feel like Terrified of making mistakes and failing in front of everybody. #mentalhealth,Anxiety
"Honestly, Feeling like giving up on everything, cannot carry this heavy pain. Sigh.",Suicidal
"Right now, Feel like a burden to everyone around me, nobody really understands. Anyone else feel this?",Depression
Deadlines piling up rapidly and I am drowning under immense pressure. Anyone else feel this?,Stress
"Lately, Volatile mood shifts and chronic fear of rejection dominating my daily life. Sigh.",Personality Disorder
"Right now, Why does life feel so exhausting and pointless every single day?",Depression
Today: Exhausted physically and mentally from non-stop high-pressure environment. Need advice.,Stress
"I feel like Unsure of who I really am, identity feels fragmented and empty constantly. Need advice.",Personality Disorder
I feel like Tried a new coffee blend today and it was surprisingly delicious. Sigh.,Normal
"Right now, Intense unstable relationships, loving someone one minute and hating them next. Need advice.",Personality Disorder
"Honestly, Lost interest in all my hobbies, just feel numb and detached. ...",Depression
"Lately, Cooking dinner with loved ones and watching a pleasant movie tonight. Need advice.",Normal
"I feel like Lost interest in all my hobbies, just feel numb and detached.",Depression
"Honestly, Searching for a way out of this endless darkness and hopeless agony. ...",Suicidal
"Honestly, Cooking dinner with loved ones and watching a pleasant movie tonight. Anyone else feel this?",Normal
I feel like Searching for a way out of this endless darkness and hopeless agony. Sigh.,Suicidal
"Right now, Cooking dinner with loved ones and watching a pleasant movie tonight.",Normal
Today: Overanalyzing past conversations over and over again in my head. Anyone else feel this?,Anxiety
"Right now, Feeling like giving up on everything, cannot carry this heavy pain. Anyone else feel this?",Suicidal
"Lately, The mental agony is unbearable, don't know how much longer I can endure. Sigh.",Suicidal
Dark thoughts keep creeping in whenever I am left alone in silence. Need advice.,Depression
Emotional reactions feel completely out of proportion to situations. Need advice.,Personality Disorder
"Lately, Everything is going smoothly at work, accomplished all key goals. Need advice.",Normal
"Lately, Really enjoying learning python programming and data science lately. Sigh.",Normal
"Honestly, Juggling multiple projects without any support is breaking me down. Need advice.",Stress
"Lately, Racing thoughts and bursts of chaotic creativity followed by total paralysis. ...",Bi-Polar
"Honestly, Looking forward to the weekend getaway with my university roommates. Need advice.",Normal
"Lately, Feeling like giving up on everything, cannot carry this heavy pain.",Suicidal
"Right now, One day I feel invincible with unlimited energy, next day I can't leave bed.",Bi-Polar
Today: Peaceful Sunday morning relaxing with fresh tea and acoustic music. ...,Normal
"Right now, Struggling to get out of bed every morning, everything feels overwhelming. #mentalhealth",Depression
"Lately, Lost interest in all my hobbies, just feel numb and detached.",Depression
"Honestly, Tired of pretending to be okay when I feel so alone and hollow. Need advice.",Depression
"Honestly, Tightness in my chest and constant feeling that something terrible will happen. ...",Anxiety
"Honestly, One day I feel invincible with unlimited energy, next day I can't leave bed. Need advice.",Bi-Polar
I feel like Feeling grateful for good health and peaceful sunny weather today. #mentalhealth,Normal
"Lately, Looking forward to the weekend getaway with my university roommates. Sigh.",Normal
"Honestly, Headaches every day from constant tension and unrelenting strain. #mentalhealth",Stress
"One day I feel invincible with unlimited energy, next day I can't leave bed. Anyone else feel this?",Bi-Polar
"Today: Waking up feeling heavy and empty, waiting for the day to just end. Sigh.",Depression
"No time for self-care or relaxation, constantly running on fumes.",Stress
I feel like Cannot sleep properly due to overwhelming work pressure and exams. Need advice.,Stress
"Honestly, Difficulty maintaining stable connections due to emotional turbulence. Anyone else feel this?",Personality Disorder
Isolating myself from friends because I don't have the energy to talk. #mentalhealth,Depression
"Extreme mood swings are ruining my life, going from high euphoria to deep depression. ...",Bi-Polar
"Today: Lost interest in all my hobbies, just feel numb and detached. Need advice.",Depression
"One day I feel invincible with unlimited energy, next day I can't leave bed. Anyone else feel this?",Bi-Polar
Volatile mood shifts and chronic fear of rejection dominating my daily life. Anyone else feel this?,Personality Disorder
"Feeling like giving up on everything, cannot carry this heavy pain. Need advice.",Suicidal
"I feel like Feeling completely empty inside, nothing seems to bring joy anymore. #mentalhealth",Depression
Peaceful Sunday morning relaxing with fresh tea and acoustic music. Need advice.,Normal
"Lately, Just finished reading a fantastic book on history and science. ...",Normal
"Lately, Impulsive behavior and sudden anger outbursts that I deeply regret after. ...",Personality Disorder
Today: I just want the noise in my head to stop permanently. Need advice.,Suicidal
"I feel like Everything is going smoothly at work, accomplished all key goals. ...",Normal
"Today: Lost interest in all my hobbies, just feel numb and detached. Anyone else feel this?",Depression
"Feel like a burden to everyone around me, nobody really understands. ...",Depression
"Honestly, Lost interest in all my hobbies, just feel numb and detached. Sigh.",Depression
"Honestly, Cooking dinner with loved ones and watching a pleasant movie tonight. #mentalhealth",Normal
"Right now, Too many responsibilities at once, feeling extremely tense and irritable. ...",Stress
"I feel like Manic episode made me feel unstoppable, now dealing with severe aftermath. Sigh.",Bi-Polar
I feel like Swinging between intense enthusiasm and devastating deep despair rapidly. Need advice.,Bi-Polar
"Today: Intense unstable relationships, loving someone one minute and hating them next. #mentalhealth",Personality Disorder
I feel like Racing thoughts and bursts of chaotic creativity followed by total paralysis. #mentalhealth,Bi-Polar
"Honestly, Rapidly shifting perceptions of self and others, struggle with trust. #mentalhealth",Personality Disorder
"Honestly, Dark thoughts keep creeping in whenever I am left alone in silence. Anyone else feel this?",Depression
"Right now, Cannot sleep properly due to overwhelming work pressure and exams.",Stress
"Lately, Constant feeling of sadness and hopelessness that won't go away. #mentalhealth",Depression
"Honestly, Manic episode made me feel unstoppable, now dealing with severe aftermath. ...",Bi-Polar
I feel like Constantly feeling empty inside and seeking external validation desperately. Sigh.,Personality Disorder
"I feel like One day I feel invincible with unlimited energy, next day I can't leave bed. Need advice.",Bi-Polar
"Lately, Wishing I could just disappear and never wake up ever again. #mentalhealth",Suicidal
"Right now, Worried about the future all the time, my mind just won't rest. Sigh.",Anxiety
I feel like Feeling grateful for good health and peaceful sunny weather today. Need advice.,Normal
"Right now, Extreme mood swings are ruining my life, going from high euphoria to deep depression. #mentalhealth",Bi-Polar
"Right now, Feel like I am going to explode if one more thing goes wrong today. Anyone else feel this?",Stress
Searching for a way out of this endless darkness and hopeless agony. Need advice.,Suicidal
"Today: The mental agony is unbearable, don't know how much longer I can endure. Need advice.",Suicidal
"Spent 48 hours awake feeling on top of the world, now completely hopeless. Sigh.",Bi-Polar
"Right now, Dark thoughts keep creeping in whenever I am left alone in silence. Sigh.",Depression
"Lately, Why does life feel so exhausting and pointless every single day? Need advice.",Depression
"Right now, Dark thoughts keep creeping in whenever I am left alone in silence. #mentalhealth",Depression
Today: Had a great day spending time with family and friends at the park. Need advice.,Normal
I feel like Unpredictable emotional waves driving away the people who care about me. #mentalhealth,Bi-Polar
"Lately, Feeling hyperactive and spending money impulsively, then sudden dark crash. Sigh.",Bi-Polar
I feel like Wishing I could just disappear and never wake up ever again. Sigh.,Suicidal
Impulsive behavior and sudden anger outbursts that I deeply regret after. ...,Personality Disorder
"Honestly, Feeling completely empty inside, nothing seems to bring joy anymore. Need advice.",Depression
"Too many responsibilities at once, feeling extremely tense and irritable. Need advice.",Stress
"Right now, Everything is going smoothly at work, accomplished all key goals.",Normal
I feel like Sudden wave of panic made it hard to breathe properly in public. Sigh.,Anxiety
"Right now, Rapidly shifting perceptions of self and others, struggle with trust. ...",Personality Disorder
Today: Juggling multiple projects without any support is breaking me down.,Stress
I feel like Just finished reading a fantastic book on history and science.,Normal
"Lately, Peaceful Sunday morning relaxing with fresh tea and acoustic music. ...",Normal
"Lately, Feeling utterly defeated with zero reasons to keep fighting anymore. Sigh.",Suicidal
"One day I feel invincible with unlimited energy, next day I can't leave bed. Need advice.",Bi-Polar
"Lately, Fear of abandonment makes me push people away before they leave me. Anyone else feel this?",Personality Disorder
"Honestly, Difficulty maintaining stable connections due to emotional turbulence. #mentalhealth",Personality Disorder
Today: Volatile mood shifts and chronic fear of rejection dominating my daily life.,Personality Disorder
Today: Peaceful Sunday morning relaxing with fresh tea and acoustic music. Sigh.,Normal
Today: Searching for a way out of this endless darkness and hopeless agony. ...,Suicidal
"Lately, Wishing I could just disappear and never wake up ever again. Sigh.",Suicidal
"Lately, Isolating myself from friends because I don't have the energy to talk. Need advice.",Depression
"Honestly, Everything is going smoothly at work, accomplished all key goals. #mentalhealth",Normal
I feel like Searching for a way out of this endless darkness and hopeless agony. Need advice.,Suicidal
Feeling grateful for good health and peaceful sunny weather today. #mentalhealth,Normal
Cannot sleep properly due to overwhelming work pressure and exams. #mentalhealth,Stress
"My heart is racing fast for no apparent reason, panic is setting in. ...",Anxiety
"Honestly, Cannot control these sudden drastic shifts in my emotions and energy levels. ...",Bi-Polar
"Honestly, Extreme mood swings are ruining my life, going from high euphoria to deep depression. Anyone else feel this?",Bi-Polar
"Honestly, No time for self-care or relaxation, constantly running on fumes. Anyone else feel this?",Stress
I feel like Searching for a way out of this endless darkness and hopeless agony. #mentalhealth,Suicidal
"Honestly, Waking up feeling heavy and empty, waiting for the day to just end.",Depression
Looking forward to the weekend getaway with my university roommates. Anyone else feel this?,Normal
Overanalyzing past conversations over and over again in my head. #mentalhealth,Anxiety
"Lately, Constant feeling of sadness and hopelessness that won't go away.",Depression
"Lately, Struggling to find stability when my mind switches extremes constantly. Anyone else feel this?",Bi-Polar
"Right now, No time for self-care or relaxation, constantly running on fumes. Sigh.",Stress
"Right now, Tightness in my chest and constant feeling that something terrible will happen. Need advice.",Anxiety
"Right now, Sudden wave of panic made it hard to breathe properly in public.",Anxiety
"Honestly, Everything is going smoothly at work, accomplished all key goals. ...",Normal
"Lately, Constant feeling of sadness and hopelessness that won't go away. Anyone else feel this?",Depression
"Lately, Feeling grateful for good health and peaceful sunny weather today. ...",Normal
Today: Terrified of making mistakes and failing in front of everybody.,Anxiety
"Right now, Headaches every day from constant tension and unrelenting strain. #mentalhealth",Stress
"Right now, Cannot stop overthinking every minor detail, constant dread.",Anxiety
Today: Tired of pretending to be okay when I feel so alone and hollow. ...,Depression
Juggling multiple projects without any support is breaking me down.,Stress
"Honestly, Impulsive behavior and sudden anger outbursts that I deeply regret after.",Personality Disorder
"Lately, Deadlines piling up rapidly and I am drowning under immense pressure. Sigh.",Stress
"Right now, Feel like I am going to explode if one more thing goes wrong today. #mentalhealth",Stress
"Lately, Spent 48 hours awake feeling on top of the world, now completely hopeless. Anyone else feel this?",Bi-Polar
Today: Deadlines piling up rapidly and I am drowning under immense pressure.,Stress
"Honestly, Constantly feeling empty inside and seeking external validation desperately.",Personality Disorder
Headaches every day from constant tension and unrelenting strain. Anyone else feel this?,Stress
I feel like Wishing I could just disappear and never wake up ever again. Need advice.,Suicidal
"Lately, Feel like I am going to explode if one more thing goes wrong today. Anyone else feel this?",Stress
"Lately, Rapidly shifting perceptions of self and others, struggle with trust. #mentalhealth",Personality Disorder
"Right now, Completed my workout session and feel energized for the upcoming week.",Normal
"Lately, Sudden wave of panic made it hard to breathe properly in public. Anyone else feel this?",Anxiety
"Right now, Terrified of making mistakes and failing in front of everybody.",Anxiety
"Right now, Deep inescapable dark pit, desperate for an end to this torment.",Suicidal
"Honestly, Struggling to find stability when my mind switches extremes constantly. Anyone else feel this?",Bi-Polar
"Lately, Constantly feeling empty inside and seeking external validation desperately. Sigh.",Personality Disorder
"I feel like Spent 48 hours awake feeling on top of the world, now completely hopeless. Need advice.",Bi-Polar
Today: Really enjoying learning python programming and data science lately. Need advice.,Normal
"My heart is racing fast for no apparent reason, panic is setting in. ...",Anxiety
"Lately, Feel extremely nervous about tomorrow's meeting, hands are shaking. Need advice.",Anxiety
Sudden wave of panic made it hard to breathe properly in public. Anyone else feel this?,Anxiety
"Today: Restless thoughts keeping me awake all night long, constant fear. Sigh.",Anxiety
"Lately, Cannot sleep properly due to overwhelming work pressure and exams.",Stress
"Honestly, Working 14 hours a day with zero rest, completely burned out. #mentalhealth",Stress
I feel like Isolating myself from friends because I don't have the energy to talk. Sigh.,Depression
Emotional reactions feel completely out of proportion to situations. Need advice.,Personality Disorder
"Lately, Goodbyes feel closer than ever, I am completely broken beyond repair. ...",Suicidal
"Today: Reached my absolute limit, losing all hope for any recovery or peace. Sigh.",Suicidal
I feel like Juggling multiple projects without any support is breaking me down. Anyone else feel this?,Stress
"Lately, Overanalyzing past conversations over and over again in my head. ...",Anxiety
"Lately, Tightness in my chest and constant feeling that something terrible will happen.",Anxiety
"Today: Intense unstable relationships, loving someone one minute and hating them next.",Personality Disorder
"Right now, I just want the noise in my head to stop permanently. Anyone else feel this?",Suicidal
"Rapidly shifting perceptions of self and others, struggle with trust. Sigh.",Personality Disorder
Today: Struggling to find stability when my mind switches extremes constantly. ...,Bi-Polar
"Lately, Swinging between intense enthusiasm and devastating deep despair rapidly.",Bi-Polar
"Lately, Why does life feel so exhausting and pointless every single day?",Depression
"Lately, Peaceful Sunday morning relaxing with fresh tea and acoustic music. #mentalhealth",Normal
"Right now, Had a great day spending time with family and friends at the park. Sigh.",Normal
"Today: Unsure of who I really am, identity feels fragmented and empty constantly. Sigh.",Personality Disorder
"Honestly, Waking up feeling heavy and empty, waiting for the day to just end. ...",Depression
I feel like Tried a new coffee blend today and it was surprisingly delicious. Anyone else feel this?,Normal
I feel like Fear of abandonment makes me push people away before they leave me. #mentalhealth,Personality Disorder
Feel like I am going to explode if one more thing goes wrong today. Anyone else feel this?,Stress
"Lately, Intense unstable relationships, loving someone one minute and hating them next. ...",Personality Disorder
"Honestly, Reached my absolute limit, losing all hope for any recovery or peace. ...",Suicidal
Social situations make me feel overwhelmed and deeply uncomfortable. Sigh.,Anxiety
"I feel like Too many responsibilities at once, feeling extremely tense and irritable. Need advice.",Stress
"Lately, Everything is going smoothly at work, accomplished all key goals.",Normal
Today: Constant feeling of sadness and hopelessness that won't go away.,Depression
"Lately, Searching for a way out of this endless darkness and hopeless agony. #mentalhealth",Suicidal
Today: Isolating myself from friends because I don't have the energy to talk. Anyone else feel this?,Depression
"Lately, Racing thoughts and bursts of chaotic creativity followed by total paralysis. Sigh.",Bi-Polar
"Lately, The mental agony is unbearable, don't know how much longer I can endure. Sigh.",Suicidal
Headaches every day from constant tension and unrelenting strain. Need advice.,Stress
Today: So stressed out that I can barely concentrate on basic tasks. Sigh.,Stress
Impulsive behavior and sudden anger outbursts that I deeply regret after. Sigh.,Personality Disorder
I feel like Swinging between intense enthusiasm and devastating deep despair rapidly.,Bi-Polar
"Honestly, Feel like I am going to explode if one more thing goes wrong today. Anyone else feel this?",Stress
Today: Exhausted physically and mentally from non-stop high-pressure environment. Need advice.,Stress
"Today: Too many responsibilities at once, feeling extremely tense and irritable.",Stress
Today: Cannot control these sudden drastic shifts in my emotions and energy levels. Need advice.,Bi-Polar
"Lately, Spent 48 hours awake feeling on top of the world, now completely hopeless. Anyone else feel this?",Bi-Polar
"Lately, Feeling utterly defeated with zero reasons to keep fighting anymore. ...",Suicidal
I feel like Sudden wave of panic made it hard to breathe properly in public. #mentalhealth,Anxiety
Today: Juggling multiple projects without any support is breaking me down. Anyone else feel this?,Stress
"Lately, Social situations make me feel overwhelmed and deeply uncomfortable. Anyone else feel this?",Anxiety
"Waking up feeling heavy and empty, waiting for the day to just end. ...",Depression
"Lately, Had a great day spending time with family and friends at the park. Anyone else feel this?",Normal
I feel like Dark thoughts keep creeping in whenever I am left alone in silence. Anyone else feel this?,Depression
"Right now, Rapidly shifting perceptions of self and others, struggle with trust.",Personality Disorder
"Worried about the future all the time, my mind just won't rest. Sigh.",Anxiety
Today: Impulsive behavior and sudden anger outbursts that I deeply regret after. Sigh.,Personality Disorder
"Right now, Too many responsibilities at once, feeling extremely tense and irritable. ...",Stress
I feel like Social situations make me feel overwhelmed and deeply uncomfortable. Need advice.,Anxiety
"Manic episode made me feel unstoppable, now dealing with severe aftermath. Anyone else feel this?",Bi-Polar
I feel like Sudden wave of panic made it hard to breathe properly in public. Sigh.,Anxiety
"Lately, Feel extremely nervous about tomorrow's meeting, hands are shaking. #mentalhealth",Anxiety
"Right now, Exhausted physically and mentally from non-stop high-pressure environment. ...",Stress
"Honestly, Feeling disconnected from reality and my own sense of identity. #mentalhealth",Personality Disorder
"Right now, Cannot stop overthinking every minor detail, constant dread. Anyone else feel this?",Anxiety
Just finished reading a fantastic book on history and science. Need advice.,Normal
"Rapidly shifting perceptions of self and others, struggle with trust. #mentalhealth",Personality Disorder
"Lately, My heart is racing fast for no apparent reason, panic is setting in. Need advice.",Anxiety
"I feel like Feel like a burden to everyone around me, nobody really understands. Sigh.",Depression
"Lately, Volatile mood shifts and chronic fear of rejection dominating my daily life. ...",Personality Disorder
"Honestly, Really enjoying learning python programming and data science lately. ...",Normal
Today: Peaceful Sunday morning relaxing with fresh tea and acoustic music. Anyone else feel this?,Normal
"Honestly, Completed my workout session and feel energized for the upcoming week. Anyone else feel this?",Normal
"Lately, Manic episode made me feel unstoppable, now dealing with severe aftermath. Need advice.",Bi-Polar
"Feeling hyperactive and spending money impulsively, then sudden dark crash. Sigh.",Bi-Polar
"Lately, Rapidly shifting perceptions of self and others, struggle with trust. Anyone else feel this?",Personality Disorder
"Lately, Really enjoying learning python programming and data science lately.",Normal
Today: Headaches every day from constant tension and unrelenting strain. Anyone else feel this?,Stress
I feel like Feeling disconnected from reality and my own sense of identity.,Personality Disorder
"Honestly, The mental agony is unbearable, don't know how much longer I can endure. ...",Suicidal
"I feel like Lost interest in all my hobbies, just feel numb and detached.",Depression
"Right now, Spent 48 hours awake feeling on top of the world, now completely hopeless. Need advice.",Bi-Polar
I feel like So stressed out that I can barely concentrate on basic tasks. #mentalhealth,Stress
"The mental agony is unbearable, don't know how much longer I can endure. Need advice.",Suicidal
"I feel like Restless thoughts keeping me awake all night long, constant fear. ...",Anxiety
"Today: Rapidly shifting perceptions of self and others, struggle with trust. Anyone else feel this?",Personality Disorder
Juggling multiple projects without any support is breaking me down. #mentalhealth,Stress
"Right now, Everything is going smoothly at work, accomplished all key goals. Need advice.",Normal
"Honestly, Feeling hyperactive and spending money impulsively, then sudden dark crash. Sigh.",Bi-Polar
I feel like Swinging between intense enthusiasm and devastating deep despair rapidly.,Bi-Polar
"Today: Extreme mood swings are ruining my life, going from high euphoria to deep depression. Anyone else feel this?",Bi-Polar
Today: Tightness in my chest and constant feeling that something terrible will happen. Anyone else feel this?,Anxiety
"Honestly, Working 14 hours a day with zero rest, completely burned out. Sigh.",Stress
"Right now, Feel extremely nervous about tomorrow's meeting, hands are shaking.",Anxiety
"Lately, One day I feel invincible with unlimited energy, next day I can't leave bed. Need advice.",Bi-Polar
"I feel like Reached my absolute limit, losing all hope for any recovery or peace. Anyone else feel this?",Suicidal
"Lately, Constant feeling of sadness and hopelessness that won't go away. Need advice.",Depression
"Honestly, Lost interest in all my hobbies, just feel numb and detached.",Depression
I feel like Isolating myself from friends because I don't have the energy to talk. #mentalhealth,Depression
"Honestly, Exhausted physically and mentally from non-stop high-pressure environment.",Stress
"Right now, Reached my absolute limit, losing all hope for any recovery or peace. Anyone else feel this?",Suicidal
"Honestly, Terrified of making mistakes and failing in front of everybody. ...",Anxiety
"Right now, Tired of pretending to be okay when I feel so alone and hollow. ...",Depression
Had a great day spending time with family and friends at the park. Anyone else feel this?,Normal
"I feel like Feeling completely empty inside, nothing seems to bring joy anymore. #mentalhealth",Depression
"Right now, Deep inescapable dark pit, desperate for an end to this torment. Need advice.",Suicidal
"Today: Unsure of who I really am, identity feels fragmented and empty constantly. Anyone else feel this?",Personality Disorder
I feel like Just finished reading a fantastic book on history and science. #mentalhealth,Normal
"Right now, Manic episode made me feel unstoppable, now dealing with severe aftermath.",Bi-Polar
"Right now, Struggling to get out of bed every morning, everything feels overwhelming. #mentalhealth",Depression
"Lately, Deep inescapable dark pit, desperate for an end to this torment. Need advice.",Suicidal
I feel like Peaceful Sunday morning relaxing with fresh tea and acoustic music. Anyone else feel this?,Normal
Today: Peaceful Sunday morning relaxing with fresh tea and acoustic music. #mentalhealth,Normal
"Honestly, My heart is racing fast for no apparent reason, panic is setting in.",Anxiety
"My heart is racing fast for no apparent reason, panic is setting in.",Anxiety
"Honestly, Exhausted physically and mentally from non-stop high-pressure environment. #mentalhealth",Stress
"Lately, Volatile mood shifts and chronic fear of rejection dominating my daily life. Need advice.",Personality Disorder
"Lately, Emotional reactions feel completely out of proportion to situations. Need advice.",Personality Disorder
"Unsure of who I really am, identity feels fragmented and empty constantly. Need advice.",Personality Disorder
"Today: Working 14 hours a day with zero rest, completely burned out. ...",Stress
"Right now, Unsure of who I really am, identity feels fragmented and empty constantly. #mentalhealth",Personality Disorder
"Honestly, I just want the noise in my head to stop permanently.",Suicidal
"Right now, Tightness in my chest and constant feeling that something terrible will happen.",Anxiety
Racing thoughts and bursts of chaotic creativity followed by total paralysis. Sigh.,Bi-Polar
"Right now, Terrified of making mistakes and failing in front of everybody. Need advice.",Anxiety
"Today: Struggling to get out of bed every morning, everything feels overwhelming. Need advice.",Depression
Struggling to find stability when my mind switches extremes constantly. Sigh.,Bi-Polar
Today: Searching for a way out of this endless darkness and hopeless agony.,Suicidal
Tried a new coffee blend today and it was surprisingly delicious.,Normal
"Struggling to get out of bed every morning, everything feels overwhelming. Anyone else feel this?",Depression
I feel like Cannot sleep properly due to overwhelming work pressure and exams. Sigh.,Stress
"Right now, Social situations make me feel overwhelmed and deeply uncomfortable. #mentalhealth",Anxiety
"Lately, Unsure of who I really am, identity feels fragmented and empty constantly. Anyone else feel this?",Personality Disorder
"Honestly, Deep inescapable dark pit, desperate for an end to this torment. ...",Suicidal
I feel like I just want the noise in my head to stop permanently. Need advice.,Suicidal
"Extreme mood swings are ruining my life, going from high euphoria to deep depression. ...",Bi-Polar
Today: Feeling grateful for good health and peaceful sunny weather today. Need advice.,Normal
"Lately, Emotional reactions feel completely out of proportion to situations. Sigh.",Personality Disorder
Today: Exhausted physically and mentally from non-stop high-pressure environment.,Stress
I feel like Wishing I could just disappear and never wake up ever again. ...,Suicidal
"Honestly, Isolating myself from friends because I don't have the energy to talk. #mentalhealth",Depression
"Lately, Spent 48 hours awake feeling on top of the world, now completely hopeless.",Bi-Polar
"I feel like Working 14 hours a day with zero rest, completely burned out. ...",Stress
"I feel like Unsure of who I really am, identity feels fragmented and empty constantly. #mentalhealth",Personality Disorder
"Lately, Tightness in my chest and constant feeling that something terrible will happen. #mentalhealth",Anxiety
I feel like Feel like everyone would be better off without me existing around. #mentalhealth,Suicidal
I feel like Swinging between intense enthusiasm and devastating deep despair rapidly. #mentalhealth,Bi-Polar
"Right now, Terrified of making mistakes and failing in front of everybody. Sigh.",Anxiety
"Today: Restless thoughts keeping me awake all night long, constant fear.",Anxiety
"Lately, Unsure of who I really am, identity feels fragmented and empty constantly.",Personality Disorder
"Today: Worried about the future all the time, my mind just won't rest. Anyone else feel this?",Anxiety
"Lately, Searching for a way out of this endless darkness and hopeless agony. Sigh.",Suicidal
"Right now, Peaceful Sunday morning relaxing with fresh tea and acoustic music. Sigh.",Normal
"Honestly, Constantly feeling empty inside and seeking external validation desperately. #mentalhealth",Personality Disorder
"Lately, Constant feeling of sadness and hopelessness that won't go away. Need advice.",Depression
"I feel like No time for self-care or relaxation, constantly running on fumes.",Stress
"Honestly, Struggling to get out of bed every morning, everything feels overwhelming. Sigh.",Depression
"Working 14 hours a day with zero rest, completely burned out. #mentalhealth",Stress
"Cannot stop overthinking every minor detail, constant dread. Sigh.",Anxiety
"Waking up feeling heavy and empty, waiting for the day to just end. ...",Depression
"I feel like Struggling to get out of bed every morning, everything feels overwhelming. Anyone else feel this?",Depression
"Honestly, Sudden wave of panic made it hard to breathe properly in public. Anyone else feel this?",Anxiety
"Right now, Restless thoughts keeping me awake all night long, constant fear. ...",Anxiety
"Lately, Waking up feeling heavy and empty, waiting for the day to just end. Sigh.",Depression
Dark thoughts keep creeping in whenever I am left alone in silence. Need advice.,Depression
"Honestly, Impulsive behavior and sudden anger outbursts that I deeply regret after. Need advice.",Personality Disorder
"Lately, Feeling utterly defeated with zero reasons to keep fighting anymore. ...",Suicidal
"Right now, Sudden wave of panic made it hard to breathe properly in public. Sigh.",Anxiety
Feeling utterly defeated with zero reasons to keep fighting anymore. Anyone else feel this?,Suicidal
Today: Sudden wave of panic made it hard to breathe properly in public. #mentalhealth,Anxiety
"Unsure of who I really am, identity feels fragmented and empty constantly. Sigh.",Personality Disorder
"Lately, Tried a new coffee blend today and it was surprisingly delicious. Sigh.",Normal
"Waking up feeling heavy and empty, waiting for the day to just end. #mentalhealth",Depression
Feeling disconnected from reality and my own sense of identity. Anyone else feel this?,Personality Disorder
"I feel like Goodbyes feel closer than ever, I am completely broken beyond repair. Need advice.",Suicidal
"Honestly, Restless thoughts keeping me awake all night long, constant fear. Need advice.",Anxiety
"Right now, Reached my absolute limit, losing all hope for any recovery or peace. ...",Suicidal
"Lately, Sudden wave of panic made it hard to breathe properly in public. #mentalhealth",Anxiety
"Lately, Feeling grateful for good health and peaceful sunny weather today. Sigh.",Normal
"Feel like a burden to everyone around me, nobody really understands. Anyone else feel this?",Depression
I feel like Impulsive behavior and sudden anger outbursts that I deeply regret after.,Personality Disorder
"Honestly, Unsure of who I really am, identity feels fragmented and empty constantly. Sigh.",Personality Disorder
"Lately, Impulsive behavior and sudden anger outbursts that I deeply regret after. Anyone else feel this?",Personality Disorder
"Right now, Tired of pretending to be okay when I feel so alone and hollow. Sigh.",Depression
"Right now, Peaceful Sunday morning relaxing with fresh tea and acoustic music. Need advice.",Normal
"Honestly, Looking forward to the weekend getaway with my university roommates. Need advice.",Normal
"Lately, Had a great day spending time with family and friends at the park. #mentalhealth",Normal
I feel like Tightness in my chest and constant feeling that something terrible will happen. #mentalhealth,Anxiety
Today: Overanalyzing past conversations over and over again in my head.,Anxiety
"I feel like Feel like a burden to everyone around me, nobody really understands.",Depression
So stressed out that I can barely concentrate on basic tasks.,Stress
"I feel like Restless thoughts keeping me awake all night long, constant fear. Sigh.",Anxiety
"Lately, Everything is going smoothly at work, accomplished all key goals. Anyone else feel this?",Normal
"I feel like No time for self-care or relaxation, constantly running on fumes. Need advice.",Stress
"One day I feel invincible with unlimited energy, next day I can't leave bed. Sigh.",Bi-Polar
Terrified of making mistakes and failing in front of everybody.,Anxiety
"Lately, Worried about the future all the time, my mind just won't rest. ...",Anxiety
"Right now, Feel like a burden to everyone around me, nobody really understands. #mentalhealth",Depression
"Goodbyes feel closer than ever, I am completely broken beyond repair. ...",Suicidal
"I feel like Extreme mood swings are ruining my life, going from high euphoria to deep depression. Sigh.",Bi-Polar
"Lately, Unpredictable emotional waves driving away the people who care about me. Sigh.",Bi-Polar
"Right now, Swinging between intense enthusiasm and devastating deep despair rapidly.",Bi-Polar
"Right now, Overanalyzing past conversations over and over again in my head. #mentalhealth",Anxiety
"Right now, Feeling completely empty inside, nothing seems to bring joy anymore. Sigh.",Depression
Today: Feeling grateful for good health and peaceful sunny weather today. Sigh.,Normal
"Honestly, Tightness in my chest and constant feeling that something terrible will happen. ...",Anxiety
"I feel like Goodbyes feel closer than ever, I am completely broken beyond repair. Need advice.",Suicidal
"Honestly, The mental agony is unbearable, don't know how much longer I can endure. Anyone else feel this?",Suicidal
I feel like Sudden wave of panic made it hard to breathe properly in public. Sigh.,Anxiety
"Today: Feel extremely nervous about tomorrow's meeting, hands are shaking.",Anxiety
"I feel like My heart is racing fast for no apparent reason, panic is setting in. Sigh.",Anxiety
"Honestly, Searching for a way out of this endless darkness and hopeless agony. #mentalhealth",Suicidal
"Honestly, My heart is racing fast for no apparent reason, panic is setting in. ...",Anxiety
Today: Completed my workout session and feel energized for the upcoming week. Anyone else feel this?,Normal
Today: Unpredictable emotional waves driving away the people who care about me. #mentalhealth,Bi-Polar
I feel like Feeling grateful for good health and peaceful sunny weather today. Anyone else feel this?,Normal
"Honestly, Lost interest in all my hobbies, just feel numb and detached. #mentalhealth",Depression
"Everything is going smoothly at work, accomplished all key goals. Anyone else feel this?",Normal
"Lately, Fear of abandonment makes me push people away before they leave me. Need advice.",Personality Disorder
"Waking up feeling heavy and empty, waiting for the day to just end. Sigh.",Depression
I feel like Volatile mood shifts and chronic fear of rejection dominating my daily life. ...,Personality Disorder
"Today: Worried about the future all the time, my mind just won't rest.",Anxiety
"Honestly, Reached my absolute limit, losing all hope for any recovery or peace. Sigh.",Suicidal
"Honestly, The mental agony is unbearable, don't know how much longer I can endure. Sigh.",Suicidal
"Honestly, Waking up feeling heavy and empty, waiting for the day to just end. ...",Depression
I just want the noise in my head to stop permanently. Sigh.,Suicidal
Today: Impulsive behavior and sudden anger outbursts that I deeply regret after.,Personality Disorder
"Lately, Had a great day spending time with family and friends at the park. ...",Normal
"Right now, Struggling to get out of bed every morning, everything feels overwhelming.",Depression
So stressed out that I can barely concentrate on basic tasks.,Stress
Completed my workout session and feel energized for the upcoming week. Sigh.,Normal
I just want the noise in my head to stop permanently.,Suicidal
"Today: Struggling to get out of bed every morning, everything feels overwhelming. Anyone else feel this?",Depression
I feel like Emotional reactions feel completely out of proportion to situations. Anyone else feel this?,Personality Disorder
"Too many responsibilities at once, feeling extremely tense and irritable.",Stress
"Lately, Lost interest in all my hobbies, just feel numb and detached. Anyone else feel this?",Depression
"I feel like Goodbyes feel closer than ever, I am completely broken beyond repair. Anyone else feel this?",Suicidal
"I feel like Deep inescapable dark pit, desperate for an end to this torment. ...",Suicidal
I feel like Racing thoughts and bursts of chaotic creativity followed by total paralysis. Need advice.,Bi-Polar
"Lately, Completed my workout session and feel energized for the upcoming week. #mentalhealth",Normal
"Lately, Volatile mood shifts and chronic fear of rejection dominating my daily life.",Personality Disorder
"Right now, One day I feel invincible with unlimited energy, next day I can't leave bed. ...",Bi-Polar
I feel like Overanalyzing past conversations over and over again in my head. ...,Anxiety
"Lately, Volatile mood shifts and chronic fear of rejection dominating my daily life. ...",Personality Disorder
"Right now, Feeling grateful for good health and peaceful sunny weather today. #mentalhealth",Normal
"Right now, Feel extremely nervous about tomorrow's meeting, hands are shaking. Need advice.",Anxiety
I feel like Tightness in my chest and constant feeling that something terrible will happen. Anyone else feel this?,Anxiety
"Lately, Constant feeling of sadness and hopelessness that won't go away.",Depression
"Lost interest in all my hobbies, just feel numb and detached. #mentalhealth",Depression
"Right now, Tried a new coffee blend today and it was surprisingly delicious.",Normal
Tried a new coffee blend today and it was surprisingly delicious. Sigh.,Normal
"Right now, Unsure of who I really am, identity feels fragmented and empty constantly. Sigh.",Personality Disorder
"Right now, Feel extremely nervous about tomorrow's meeting, hands are shaking. ...",Anxiety
"Lately, Feeling disconnected from reality and my own sense of identity. #mentalhealth",Personality Disorder
"Right now, Emotional reactions feel completely out of proportion to situations.",Personality Disorder
"Right now, Social situations make me feel overwhelmed and deeply uncomfortable. #mentalhealth",Anxiety
"Right now, Racing thoughts and bursts of chaotic creativity followed by total paralysis. ...",Bi-Polar
"Too many responsibilities at once, feeling extremely tense and irritable. ...",Stress
I feel like Tried a new coffee blend today and it was surprisingly delicious. ...,Normal
Today: Feeling disconnected from reality and my own sense of identity. #mentalhealth,Personality Disorder
"Lately, Feel like a burden to everyone around me, nobody really understands. #mentalhealth",Depression
Constant feeling of sadness and hopelessness that won't go away. Anyone else feel this?,Depression
"Unsure of who I really am, identity feels fragmented and empty constantly. Sigh.",Personality Disorder
"Right now, Constantly feeling empty inside and seeking external validation desperately. Sigh.",Personality Disorder
"No time for self-care or relaxation, constantly running on fumes. Sigh.",Stress
"Lately, Social situations make me feel overwhelmed and deeply uncomfortable. #mentalhealth",Anxiety
"I feel like Manic episode made me feel unstoppable, now dealing with severe aftermath. Anyone else feel this?",Bi-Polar
"Honestly, Tired of pretending to be okay when I feel so alone and hollow. ...",Depression
"Lately, Had a great day spending time with family and friends at the park. ...",Normal
"I feel like Extreme mood swings are ruining my life, going from high euphoria to deep depression.",Bi-Polar
"Honestly, Goodbyes feel closer than ever, I am completely broken beyond repair. Sigh.",Suicidal
"Lately, Difficulty maintaining stable connections due to emotional turbulence. Need advice.",Personality Disorder
"Honestly, Emotional reactions feel completely out of proportion to situations.",Personality Disorder
"Today: Spent 48 hours awake feeling on top of the world, now completely hopeless.",Bi-Polar
"Honestly, Swinging between intense enthusiasm and devastating deep despair rapidly. Need advice.",Bi-Polar
"Lately, I just want the noise in my head to stop permanently.",Suicidal
"Honestly, Feel extremely nervous about tomorrow's meeting, hands are shaking. Need advice.",Anxiety
"Lately, Struggling to get out of bed every morning, everything feels overwhelming. Anyone else feel this?",Depression
"Cannot stop overthinking every minor detail, constant dread. Need advice.",Anxiety
"Honestly, Intense unstable relationships, loving someone one minute and hating them next. Sigh.",Personality Disorder
I feel like Constant feeling of sadness and hopelessness that won't go away. Anyone else feel this?,Depression
I feel like Volatile mood shifts and chronic fear of rejection dominating my daily life. #mentalhealth,Personality Disorder
"Lately, Juggling multiple projects without any support is breaking me down. Sigh.",Stress
Sudden wave of panic made it hard to breathe properly in public.,Anxiety
I feel like So stressed out that I can barely concentrate on basic tasks. Need advice.,Stress
"Right now, Constantly feeling empty inside and seeking external validation desperately. Anyone else feel this?",Personality Disorder
So stressed out that I can barely concentrate on basic tasks. Anyone else feel this?,Stress
"Honestly, Feeling disconnected from reality and my own sense of identity. Sigh.",Personality Disorder
Juggling multiple projects without any support is breaking me down.,Stress
"I feel like Rapidly shifting perceptions of self and others, struggle with trust.",Personality Disorder
"Honestly, Feel like everyone would be better off without me existing around. ...",Suicidal
"Lately, Completed my workout session and feel energized for the upcoming week. Anyone else feel this?",Normal
"I feel like Reached my absolute limit, losing all hope for any recovery or peace. Anyone else feel this?",Suicidal
"Right now, Tightness in my chest and constant feeling that something terrible will happen. Anyone else feel this?",Anxiety
Volatile mood shifts and chronic fear of rejection dominating my daily life.,Personality Disorder
"Honestly, Social situations make me feel overwhelmed and deeply uncomfortable. Sigh.",Anxiety
"Right now, Deep inescapable dark pit, desperate for an end to this torment.",Suicidal
"Lately, Feel like everyone would be better off without me existing around. Need advice.",Suicidal
Today: Racing thoughts and bursts of chaotic creativity followed by total paralysis. Sigh.,Bi-Polar
"I feel like Everything is going smoothly at work, accomplished all key goals. ...",Normal
Today: Volatile mood shifts and chronic fear of rejection dominating my daily life. Anyone else feel this?,Personality Disorder
Today: Feeling grateful for good health and peaceful sunny weather today.,Normal
I feel like Tried a new coffee blend today and it was surprisingly delicious.,Normal
"I feel like No time for self-care or relaxation, constantly running on fumes.",Stress
"Honestly, Juggling multiple projects without any support is breaking me down. Sigh.",Stress
Today: Feeling utterly defeated with zero reasons to keep fighting anymore. Anyone else feel this?,Suicidal
I feel like Dark thoughts keep creeping in whenever I am left alone in silence. #mentalhealth,Depression
"Lately, Feel like a burden to everyone around me, nobody really understands. Need advice.",Depression
"I feel like Goodbyes feel closer than ever, I am completely broken beyond repair. Anyone else feel this?",Suicidal
"Lately, One day I feel invincible with unlimited energy, next day I can't leave bed. #mentalhealth",Bi-Polar
Today: Racing thoughts and bursts of chaotic creativity followed by total paralysis. Need advice.,Bi-Polar
"Lately, Feeling completely empty inside, nothing seems to bring joy anymore. Sigh.",Depression
"Honestly, Worried about the future all the time, my mind just won't rest. Anyone else feel this?",Anxiety
"Today: Feeling hyperactive and spending money impulsively, then sudden dark crash. ...",Bi-Polar
"Today: Reached my absolute limit, losing all hope for any recovery or peace. #mentalhealth",Suicidal
"Feeling hyperactive and spending money impulsively, then sudden dark crash.",Bi-Polar
"Lately, Feeling disconnected from reality and my own sense of identity. ...",Personality Disorder
"Right now, Why does life feel so exhausting and pointless every single day?",Depression
"Honestly, Extreme mood swings are ruining my life, going from high euphoria to deep depression. #mentalhealth",Bi-Polar
"Today: Too many responsibilities at once, feeling extremely tense and irritable. ...",Stress
"Right now, Struggling to find stability when my mind switches extremes constantly. Anyone else feel this?",Bi-Polar
"Today: Restless thoughts keeping me awake all night long, constant fear. Need advice.",Anxiety
"Intense unstable relationships, loving someone one minute and hating them next. ...",Personality Disorder
"Honestly, Why does life feel so exhausting and pointless every single day? Need advice.",Depression
"Today: Extreme mood swings are ruining my life, going from high euphoria to deep depression. Need advice.",Bi-Polar
"Lately, Constantly feeling empty inside and seeking external validation desperately. Sigh.",Personality Disorder
"Today: The mental agony is unbearable, don't know how much longer I can endure. Need advice.",Suicidal
Today: Just finished reading a fantastic book on history and science. Anyone else feel this?,Normal
"Right now, Feel like everyone would be better off without me existing around. Sigh.",Suicidal
"Right now, So stressed out that I can barely concentrate on basic tasks. ...",Stress
"Lately, Feeling hyperactive and spending money impulsively, then sudden dark crash. Need advice.",Bi-Polar
"Feeling like giving up on everything, cannot carry this heavy pain. #mentalhealth",Suicidal
Fear of abandonment makes me push people away before they leave me.,Personality Disorder
Today: I just want the noise in my head to stop permanently. Sigh.,Suicidal
"I feel like Lost interest in all my hobbies, just feel numb and detached. #mentalhealth",Depression
"Lately, Spent 48 hours awake feeling on top of the world, now completely hopeless. Anyone else feel this?",Bi-Polar
"Lately, Impulsive behavior and sudden anger outbursts that I deeply regret after. Need advice.",Personality Disorder
"Right now, Searching for a way out of this endless darkness and hopeless agony. Sigh.",Suicidal
"Right now, Dark thoughts keep creeping in whenever I am left alone in silence. Anyone else feel this?",Depression
"Honestly, Deep inescapable dark pit, desperate for an end to this torment. #mentalhealth",Suicidal
I feel like I just want the noise in my head to stop permanently. ...,Suicidal
Looking forward to the weekend getaway with my university roommates. Anyone else feel this?,Normal
"Today: Working 14 hours a day with zero rest, completely burned out. ...",Stress
"Honestly, Reached my absolute limit, losing all hope for any recovery or peace. Need advice.",Suicidal
Today: So stressed out that I can barely concentrate on basic tasks. Anyone else feel this?,Stress
Difficulty maintaining stable connections due to emotional turbulence.,Personality Disorder
"Today: Unsure of who I really am, identity feels fragmented and empty constantly. #mentalhealth",Personality Disorder
I feel like Dark thoughts keep creeping in whenever I am left alone in silence. Sigh.,Depression
"Right now, Goodbyes feel closer than ever, I am completely broken beyond repair. #mentalhealth",Suicidal
"Lately, Difficulty maintaining stable connections due to emotional turbulence. #mentalhealth",Personality Disorder
Feeling grateful for good health and peaceful sunny weather today. ...,Normal
"Right now, Restless thoughts keeping me awake all night long, constant fear. Need advice.",Anxiety
"Honestly, Feeling completely empty inside, nothing seems to bring joy anymore.",Depression
"Right now, Racing thoughts and bursts of chaotic creativity followed by total paralysis. Need advice.",Bi-Polar
"Honestly, Goodbyes feel closer than ever, I am completely broken beyond repair. Anyone else feel this?",Suicidal
"Right now, Cooking dinner with loved ones and watching a pleasant movie tonight. Sigh.",Normal
"Right now, Struggling to find stability when my mind switches extremes constantly.",Bi-Polar
Today: Peaceful Sunday morning relaxing with fresh tea and acoustic music. Need advice.,Normal
"Right now, Waking up feeling heavy and empty, waiting for the day to just end. ...",Depression
Dark thoughts keep creeping in whenever I am left alone in silence.,Depression
"Honestly, Completed my workout session and feel energized for the upcoming week. Need advice.",Normal
"Honestly, Everything is going smoothly at work, accomplished all key goals.",Normal
"I feel like Cannot stop overthinking every minor detail, constant dread. Anyone else feel this?",Anxiety
Today: Racing thoughts and bursts of chaotic creativity followed by total paralysis. #mentalhealth,Bi-Polar
I feel like Exhausted physically and mentally from non-stop high-pressure environment. Sigh.,Stress
"I feel like Deep inescapable dark pit, desperate for an end to this torment. Sigh.",Suicidal
"Honestly, Feel like everyone would be better off without me existing around. Sigh.",Suicidal
Today: Feel like everyone would be better off without me existing around. Need advice.,Suicidal
"Honestly, Volatile mood shifts and chronic fear of rejection dominating my daily life. #mentalhealth",Personality Disorder
"Right now, Sudden wave of panic made it hard to breathe properly in public. ...",Anxiety
I just want the noise in my head to stop permanently. Need advice.,Suicidal
Today: Difficulty maintaining stable connections due to emotional turbulence. #mentalhealth,Personality Disorder
"Honestly, The mental agony is unbearable, don't know how much longer I can endure. Anyone else feel this?",Suicidal
"Right now, Worried about the future all the time, my mind just won't rest. Anyone else feel this?",Anxiety
"I feel like No time for self-care or relaxation, constantly running on fumes. #mentalhealth",Stress
"Lately, Cannot control these sudden drastic shifts in my emotions and energy levels. Anyone else feel this?",Bi-Polar
"Right now, Feeling completely empty inside, nothing seems to bring joy anymore.",Depression
"Lately, Everything is going smoothly at work, accomplished all key goals. Sigh.",Normal
"Right now, Struggling to find stability when my mind switches extremes constantly. Sigh.",Bi-Polar
"Lately, Feel like a burden to everyone around me, nobody really understands.",Depression
"Honestly, Feeling like giving up on everything, cannot carry this heavy pain. Anyone else feel this?",Suicidal
So stressed out that I can barely concentrate on basic tasks. Sigh.,Stress
"Right now, Difficulty maintaining stable connections due to emotional turbulence.",Personality Disorder
"Rapidly shifting perceptions of self and others, struggle with trust. Anyone else feel this?",Personality Disorder
Today: Cannot sleep properly due to overwhelming work pressure and exams. #mentalhealth,Stress
Today: I just want the noise in my head to stop permanently.,Suicidal
Tightness in my chest and constant feeling that something terrible will happen.,Anxiety
"Honestly, Intense unstable relationships, loving someone one minute and hating them next.",Personality Disorder
"I feel like Goodbyes feel closer than ever, I am completely broken beyond repair. Need advice.",Suicidal
"I feel like Reached my absolute limit, losing all hope for any recovery or peace. Need advice.",Suicidal
"Feel like a burden to everyone around me, nobody really understands. Sigh.",Depression
"Today: Lost interest in all my hobbies, just feel numb and detached. Sigh.",Depression
"I feel like Too many responsibilities at once, feeling extremely tense and irritable.",Stress
I feel like Feeling grateful for good health and peaceful sunny weather today. Need advice.,Normal
"Lately, Dark thoughts keep creeping in whenever I am left alone in silence.",Depression
"Right now, Feel like I am going to explode if one more thing goes wrong today. ...",Stress
"I feel like Working 14 hours a day with zero rest, completely burned out. Sigh.",Stress
"Feel like a burden to everyone around me, nobody really understands.",Depression
I feel like Exhausted physically and mentally from non-stop high-pressure environment. #mentalhealth,Stress
"Deep inescapable dark pit, desperate for an end to this torment. #mentalhealth",Suicidal
"Honestly, Restless thoughts keeping me awake all night long, constant fear.",Anxiety
Deadlines piling up rapidly and I am drowning under immense pressure. Anyone else feel this?,Stress
"I feel like Too many responsibilities at once, feeling extremely tense and irritable.",Stress
Deadlines piling up rapidly and I am drowning under immense pressure. Anyone else feel this?,Stress
"Manic episode made me feel unstoppable, now dealing with severe aftermath. Sigh.",Bi-Polar
Today: Deadlines piling up rapidly and I am drowning under immense pressure. Sigh.,Stress
Struggling to find stability when my mind switches extremes constantly. #mentalhealth,Bi-Polar
Today: Feel like I am going to explode if one more thing goes wrong today.,Stress
"Deep inescapable dark pit, desperate for an end to this torment.",Suicidal
Cannot sleep properly due to overwhelming work pressure and exams. #mentalhealth,Stress
"Right now, Rapidly shifting perceptions of self and others, struggle with trust. ...",Personality Disorder
"Honestly, Intense unstable relationships, loving someone one minute and hating them next. Sigh.",Personality Disorder
"I feel like Feeling like giving up on everything, cannot carry this heavy pain.",Suicidal
"Worried about the future all the time, my mind just won't rest. ...",Anxiety
"Lately, Feel like a burden to everyone around me, nobody really understands. Need advice.",Depression
"I feel like Working 14 hours a day with zero rest, completely burned out. Need advice.",Stress
"Lately, Feeling disconnected from reality and my own sense of identity. Need advice.",Personality Disorder
"Lately, Feeling disconnected from reality and my own sense of identity. #mentalhealth",Personality Disorder
"Today: Goodbyes feel closer than ever, I am completely broken beyond repair. ...",Suicidal
"Honestly, Feeling like giving up on everything, cannot carry this heavy pain. #mentalhealth",Suicidal
"Today: Worried about the future all the time, my mind just won't rest. #mentalhealth",Anxiety
"Right now, Unsure of who I really am, identity feels fragmented and empty constantly. Sigh.",Personality Disorder
"Today: My heart is racing fast for no apparent reason, panic is setting in. Anyone else feel this?",Anxiety
"Lately, Struggling to get out of bed every morning, everything feels overwhelming. ...",Depression
I feel like I just want the noise in my head to stop permanently.,Suicidal
I feel like Constantly feeling empty inside and seeking external validation desperately. Anyone else feel this?,Personality Disorder
"Lately, Impulsive behavior and sudden anger outbursts that I deeply regret after.",Personality Disorder
"Honestly, Searching for a way out of this endless darkness and hopeless agony.",Suicidal
"Lately, Goodbyes feel closer than ever, I am completely broken beyond repair. #mentalhealth",Suicidal
Today: Feeling grateful for good health and peaceful sunny weather today.,Normal
"Lately, My heart is racing fast for no apparent reason, panic is setting in. Need advice.",Anxiety
"I feel like Feeling completely empty inside, nothing seems to bring joy anymore. ...",Depression
Social situations make me feel overwhelmed and deeply uncomfortable. #mentalhealth,Anxiety
"Right now, Working 14 hours a day with zero rest, completely burned out. ...",Stress
"Lately, Feel like everyone would be better off without me existing around. Need advice.",Suicidal
"Today: Cannot stop overthinking every minor detail, constant dread. ...",Anxiety
"Lately, Everything is going smoothly at work, accomplished all key goals.",Normal
Today: Just finished reading a fantastic book on history and science.,Normal
"Right now, Tightness in my chest and constant feeling that something terrible will happen. ...",Anxiety
Looking forward to the weekend getaway with my university roommates. Anyone else feel this?,Normal
"Right now, Difficulty maintaining stable connections due to emotional turbulence. Sigh.",Personality Disorder
I feel like Social situations make me feel overwhelmed and deeply uncomfortable. Anyone else feel this?,Anxiety
"No time for self-care or relaxation, constantly running on fumes. Need advice.",Stress
"Rapidly shifting perceptions of self and others, struggle with trust. Sigh.",Personality Disorder
"Honestly, Sudden wave of panic made it hard to breathe properly in public. Sigh.",Anxiety
Cannot sleep properly due to overwhelming work pressure and exams.,Stress
Searching for a way out of this endless darkness and hopeless agony. Anyone else feel this?,Suicidal
"Lately, Racing thoughts and bursts of chaotic creativity followed by total paralysis. Sigh.",Bi-Polar
"Honestly, Sudden wave of panic made it hard to breathe properly in public. Sigh.",Anxiety
"Today: Feeling like giving up on everything, cannot carry this heavy pain. Need advice.",Suicidal
"Today: Unsure of who I really am, identity feels fragmented and empty constantly. Need advice.",Personality Disorder
I feel like Dark thoughts keep creeping in whenever I am left alone in silence.,Depression
"Today: Lost interest in all my hobbies, just feel numb and detached. ...",Depression
"Right now, Deep inescapable dark pit, desperate for an end to this torment. Need advice.",Suicidal
"Lately, Had a great day spending time with family and friends at the park. ...",Normal
Swinging between intense enthusiasm and devastating deep despair rapidly. ...,Bi-Polar
"Honestly, Spent 48 hours awake feeling on top of the world, now completely hopeless. #mentalhealth",Bi-Polar
Racing thoughts and bursts of chaotic creativity followed by total paralysis. ...,Bi-Polar
"Honestly, I just want the noise in my head to stop permanently. Sigh.",Suicidal
I feel like Had a great day spending time with family and friends at the park. #mentalhealth,Normal
"Lately, Manic episode made me feel unstoppable, now dealing with severe aftermath. Anyone else feel this?",Bi-Polar
Today: Tired of pretending to be okay when I feel so alone and hollow. ...,Depression
I just want the noise in my head to stop permanently. Need advice.,Suicidal
"Right now, Really enjoying learning python programming and data science lately.",Normal
"Lately, Feeling disconnected from reality and my own sense of identity.",Personality Disorder
So stressed out that I can barely concentrate on basic tasks.,Stress
"Honestly, Feel extremely nervous about tomorrow's meeting, hands are shaking.",Anxiety
So stressed out that I can barely concentrate on basic tasks. Anyone else feel this?,Stress
"Lately, Fear of abandonment makes me push people away before they leave me. #mentalhealth",Personality Disorder
"Lately, Racing thoughts and bursts of chaotic creativity followed by total paralysis.",Bi-Polar
"Honestly, Sudden wave of panic made it hard to breathe properly in public. Anyone else feel this?",Anxiety
"I feel like Working 14 hours a day with zero rest, completely burned out. Sigh.",Stress
"I feel like Intense unstable relationships, loving someone one minute and hating them next. ...",Personality Disorder
I feel like Peaceful Sunday morning relaxing with fresh tea and acoustic music. Need advice.,Normal
"Today: Feeling hyperactive and spending money impulsively, then sudden dark crash. Anyone else feel this?",Bi-Polar
I feel like Overanalyzing past conversations over and over again in my head. ...,Anxiety
Why does life feel so exhausting and pointless every single day? Sigh.,Depression
Today: Tried a new coffee blend today and it was surprisingly delicious. Need advice.,Normal
"Today: Spent 48 hours awake feeling on top of the world, now completely hopeless. #mentalhealth",Bi-Polar
I feel like Constant feeling of sadness and hopelessness that won't go away. Need advice.,Depression
"I feel like One day I feel invincible with unlimited energy, next day I can't leave bed. Sigh.",Bi-Polar
"Honestly, Feeling completely empty inside, nothing seems to bring joy anymore. ...",Depression
"Honestly, Cannot stop overthinking every minor detail, constant dread. Need advice.",Anxiety
Today: Sudden wave of panic made it hard to breathe properly in public. ...,Anxiety
"Lately, Had a great day spending time with family and friends at the park. ...",Normal
"I feel like One day I feel invincible with unlimited energy, next day I can't leave bed. #mentalhealth",Bi-Polar
"Lately, Social situations make me feel overwhelmed and deeply uncomfortable. #mentalhealth",Anxiety
Juggling multiple projects without any support is breaking me down. Anyone else feel this?,Stress
"Right now, Constant feeling of sadness and hopelessness that won't go away. Need advice.",Depression
"Lately, Feel extremely nervous about tomorrow's meeting, hands are shaking.",Anxiety
"Extreme mood swings are ruining my life, going from high euphoria to deep depression.",Bi-Polar
"Honestly, Tightness in my chest and constant feeling that something terrible will happen. #mentalhealth",Anxiety
"Right now, I just want the noise in my head to stop permanently. Sigh.",Suicidal
Today: Looking forward to the weekend getaway with my university roommates. Sigh.,Normal
I feel like Really enjoying learning python programming and data science lately. #mentalhealth,Normal
I feel like Feel like I am going to explode if one more thing goes wrong today. Anyone else feel this?,Stress
Today: Volatile mood shifts and chronic fear of rejection dominating my daily life. Anyone else feel this?,Personality Disorder
"Right now, Why does life feel so exhausting and pointless every single day? ...",Depression
"Honestly, Juggling multiple projects without any support is breaking me down. Anyone else feel this?",Stress
Terrified of making mistakes and failing in front of everybody. Sigh.,Anxiety
"Intense unstable relationships, loving someone one minute and hating them next. ...",Personality Disorder
"Honestly, Worried about the future all the time, my mind just won't rest.",Anxiety
"I feel like Too many responsibilities at once, feeling extremely tense and irritable. Sigh.",Stress
"Right now, Searching for a way out of this endless darkness and hopeless agony. ...",Suicidal
"One day I feel invincible with unlimited energy, next day I can't leave bed. Need advice.",Bi-Polar
Had a great day spending time with family and friends at the park.,Normal
I feel like Isolating myself from friends because I don't have the energy to talk. Need advice.,Depression
I feel like Feeling disconnected from reality and my own sense of identity.,Personality Disorder
Feel like I am going to explode if one more thing goes wrong today. #mentalhealth,Stress
I feel like Juggling multiple projects without any support is breaking me down. ...,Stress
"Spent 48 hours awake feeling on top of the world, now completely hopeless. Need advice.",Bi-Polar
"Right now, No time for self-care or relaxation, constantly running on fumes. Need advice.",Stress
"Honestly, Unsure of who I really am, identity feels fragmented and empty constantly. #mentalhealth",Personality Disorder
I feel like Cannot control these sudden drastic shifts in my emotions and energy levels. Sigh.,Bi-Polar
"Honestly, Cooking dinner with loved ones and watching a pleasant movie tonight.",Normal
"Right now, Feeling hyperactive and spending money impulsively, then sudden dark crash. #mentalhealth",Bi-Polar
"Spent 48 hours awake feeling on top of the world, now completely hopeless. #mentalhealth",Bi-Polar
"Today: Struggling to get out of bed every morning, everything feels overwhelming. ...",Depression
I feel like Fear of abandonment makes me push people away before they leave me. Need advice.,Personality Disorder
"Honestly, Cannot sleep properly due to overwhelming work pressure and exams.",Stress
Today: Cannot control these sudden drastic shifts in my emotions and energy levels.,Bi-Polar
I feel like Swinging between intense enthusiasm and devastating deep despair rapidly. ...,Bi-Polar
"Honestly, Tired of pretending to be okay when I feel so alone and hollow. ...",Depression
"Right now, So stressed out that I can barely concentrate on basic tasks. ...",Stress
I feel like Headaches every day from constant tension and unrelenting strain. ...,Stress
Today: Feel like everyone would be better off without me existing around. #mentalhealth,Suicidal
"I feel like Struggling to get out of bed every morning, everything feels overwhelming. Need advice.",Depression
"Honestly, Volatile mood shifts and chronic fear of rejection dominating my daily life. #mentalhealth",Personality Disorder
I feel like Tried a new coffee blend today and it was surprisingly delicious. ...,Normal
"Right now, Reached my absolute limit, losing all hope for any recovery or peace. Sigh.",Suicidal
"Honestly, Cannot stop overthinking every minor detail, constant dread. #mentalhealth",Anxiety
"I feel like Rapidly shifting perceptions of self and others, struggle with trust. Need advice.",Personality Disorder
"Lately, Spent 48 hours awake feeling on top of the world, now completely hopeless. #mentalhealth",Bi-Polar
"Lately, Volatile mood shifts and chronic fear of rejection dominating my daily life. Anyone else feel this?",Personality Disorder
"Right now, Tightness in my chest and constant feeling that something terrible will happen. Anyone else feel this?",Anxiety
"Waking up feeling heavy and empty, waiting for the day to just end.",Depression
"Struggling to get out of bed every morning, everything feels overwhelming. Sigh.",Depression
"Today: One day I feel invincible with unlimited energy, next day I can't leave bed. Need advice.",Bi-Polar
"Right now, Everything is going smoothly at work, accomplished all key goals. ...",Normal
Constant feeling of sadness and hopelessness that won't go away. #mentalhealth,Depression
"Today: Worried about the future all the time, my mind just won't rest. Need advice.",Anxiety
"Honestly, Struggling to find stability when my mind switches extremes constantly. ...",Bi-Polar
Today: Terrified of making mistakes and failing in front of everybody. #mentalhealth,Anxiety
I feel like Exhausted physically and mentally from non-stop high-pressure environment. #mentalhealth,Stress
I feel like Volatile mood shifts and chronic fear of rejection dominating my daily life. Need advice.,Personality Disorder
I feel like Cannot sleep properly due to overwhelming work pressure and exams. Anyone else feel this?,Stress
Today: Unpredictable emotional waves driving away the people who care about me. #mentalhealth,Bi-Polar
"Honestly, Tired of pretending to be okay when I feel so alone and hollow. ...",Depression
Today: Feeling utterly defeated with zero reasons to keep fighting anymore. Need advice.,Suicidal
Peaceful Sunday morning relaxing with fresh tea and acoustic music. Anyone else feel this?,Normal
"Honestly, One day I feel invincible with unlimited energy, next day I can't leave bed. Anyone else feel this?",Bi-Polar
Today: Feel like I am going to explode if one more thing goes wrong today. Sigh.,Stress
Just finished reading a fantastic book on history and science. ...,Normal
I feel like Headaches every day from constant tension and unrelenting strain.,Stress
"Lately, Feel like a burden to everyone around me, nobody really understands. Need advice.",Depression
"Today: Feeling hyperactive and spending money impulsively, then sudden dark crash. ...",Bi-Polar
"Right now, Wishing I could just disappear and never wake up ever again. ...",Suicidal
"Right now, Feel extremely nervous about tomorrow's meeting, hands are shaking.",Anxiety
"Honestly, Restless thoughts keeping me awake all night long, constant fear. ...",Anxiety
"Lately, Feel like I am going to explode if one more thing goes wrong today. #mentalhealth",Stress
"Honestly, Cannot stop overthinking every minor detail, constant dread. Need advice.",Anxiety
